-1,-1,-1,-1,1,-1,-1,-1,-1,-1,-1,-1,-1,-1,-1,81,-1,-1,-1,-1,-1,81,-1,-1,-1,96,97,98,-1,-1,-1,-1,65,-1,-1,-1,-1,81,-1,-1,-1,-1,-1,-1,-1,-1,-1,-1,-1,-1,-1,-1,-1,-1,-1,-1,-1,-1,-1,-1,-1,-1,-1,-1,-1,-1,-1,-1,-1,-1,-1,81,-1,-1,-1,-1,-1,81,-1,-1,-1,-1,-1,-1,-1,-1,-1,-1,65,-1,-1,-1,-1,65,-1,-1,-1,-1,81,-1,-1,-1,-1,-1,-1,81,-1,96,97,98,-1,-1,-1,-1,-1,-1,-1,1,1,1
-1,-1,-1,-1,1,1,-1,-1,-1,-1,-1,-1,-1,-1,96,97,98,-1,-1,-1,96,97,98,-1,-1,112,113,114,-1,-1,-1,-1,81,-1,-1,-1,96,97,98,-1,-1,-1,-1,-1,-1,-1,-1,-1,-1,-1,-1,-1,-1,-1,-1,-1,-1,-1,-1,-1,-1,-1,-1,-1,-1,-1,-1,-1,-1,-1,96,97,98,-1,-1,-1,96,97,98,-1,-1,65,-1,-1,-1,-1,-1,-1,81,-1,-1,-1,-1,81,-1,-1,-1,96,97,98,-1,-1,-1,-1,96,97,98,112,113,114,-1,-1,-1,-1,-1,1,1,1,-1,1
-1,-1,-1,-1,-1,1,1,-1,-1,-1,-1,-1,-1,-1,112,113,114,-1,-1,-1,112,113,114,-1,-1,-1,-1,-1,-1,-1,-1,96,97,98,-1,-1,112,113,114,-1,-1,-1,-1,-1,-1,-1,-1,-1,-1,-1,-1,-1,-1,-1,-1,-1,-1,-1,-1,-1,-1,-1,-1,-1,-1,-1,-1,-1,-1,-1,112,113,114,-1,-1,-1,112,113,114,-1,-1,81,-1,-1,-1,-1,-1,96,97,98,-1,-1,96,97,98,-1,-1,112,113,114,-1,-1,-1,-1,112,113,114,-1,-1,-1,-1,-1,-1,1,1,1,-1,-1,1,1
-1,-1,-1,-1,-1,-1,1,1,1,-1,-1,-1,-1,-1,-1,-1,-1,-1,-1,65,-1,-1,-1,-1,-1,-1,-1,-1,-1,65,-1,112,113,114,-1,-1,-1,-1,-1,-1,-1,-1,-1,-1,-1,-1,-1,-1,-1,-1,-1,-1,-1,-1,-1,-1,-1,-1,-1,-1,-1,-1,-1,-1,-1,-1,-1,-1,-1,-1,-1,-1,-1,-1,-1,-1,-1,-1,-1,-1,96,97,98,-1,-1,-1,-1,112,113,114,-1,-1,112,113,114,-1,-1,-1,65,-1,-1,-1,-1,-1,-1,-1,-1,-1,-1,-1,-1,1,1,1,-1,-1,1,1,-1,-1
-1,-1,-1,-1,-1,-1,-1,1,1,1,1,-1,-1,-1,-1,-1,-1,-1,-1,81,-1,-1,-1,-1,-1,-1,-1,-1,-1,81,-1,-1,-1,-1,-1,-1,-1,-1,-1,-1,-1,-1,-1,-1,-1,-1,-1,-1,-1,-1,-1,-1,-1,-1,-1,-1,-1,-1,-1,-1,-1,-1,-1,-1,-1,-1,-1,-1,-1,-1,-1,-1,-1,-1,-1,-1,-1,-1,-1,-1,112,113,114,-1,-1,-1,-1,-1,-1,-1,-1,-1,-1,-1,-1,-1,-1,-1,81,-1,-1,-1,-1,-1,-1,-1,-1,-1,1,1,1,1,-1,-1,1,1,1,-1,-1,-1
1,-1,-1,-1,-1,-1,-1,-1,-1,1,1,1,-1,-1,-1,-1,-1,-1,96,97,98,-1,-1,-1,65,-1,-1,-1,96,97,98,-1,-1,-1,-1,-1,-1,-1,-1,-1,-1,-1,-1,-1,-1,-1,-1,-1,-1,-1,-1,-1,-1,-1,-1,-1,-1,-1,-1,-1,-1,-1,-1,-1,-1,-1,-1,-1,-1,-1,-1,-1,-1,-1,-1,-1,-1,-1,-1,-1,-1,-1,-1,-1,-1,-1,-1,-1,-1,-1,-1,-1,-1,65,-1,-1,-1,96,97,-1,-1,-1,-1,-1,-1,-1,1,1,1,-1,-1,-1,-1,1,1,-1,-1,-1,-1,-1
-1,1,1,1,-1,-1,-1,-1,-1,-1,-1,1,1,1,-1,-1,-1,-1,112,113,114,-1,-1,-1,81,-1,-1,-1,112,113,114,-1,-1,-1,-1,-1,-1,-1,-1,-1,-1,-1,-1,-1,-1,-1,-1,-1,-1,-1,-1,-1,-1,-1,-1,-1,-1,-1,-1,-1,-1,-1,-1,-1,-1,-1,-1,-1,-1,-1,-1,-1,-1,-1,-1,-1,-1,-1,-1,-1,-1,-1,65,-1,-1,-1,-1,-1,-1,-1,-1,-1,-1,81,-1,-1,-1,112,-1,-1,-1,-1,-1,-1,1,1,1,-1,-1,-1,-1,1,1,-1,-1,-1,-1,-1,-1,-1
-1,-1,-1,1,1,-1,-1,-1,-1,-1,-1,-1,1,1,1,-1,-1,-1,-1,-1,-1,-1,-1,96,97,98,-1,-1,-1,-1,-1,-1,-1,-1,-1,-1,-1,-1,-1,-1,-1,-1,-1,-1,-1,-1,65,-1,-1,-1,-1,-1,-1,-1,-1,-1,-1,-1,-1,65,-1,-1,-1,-1,-1,-1,65,-1,-1,-1,-1,-1,-1,-1,-1,-1,-1,-1,-1,-1,-1,-1,81,-1,-1,-1,-1,65,-1,-1,-1,-1,96,97,98,-1,-1,-1,-1,-1,-1,-1,1,1,1,-1,-1,-1,-1,-1,1,1,-1,-1,-1,-1,-1,-1,-1,-1
-1,-1,-1,-1,1,1,-1,-1,-1,-1,-1,-1,-1,1,1,1,-1,-1,-1,-1,-1,-1,-1,112,113,114,-1,-1,-1,-1,-1,-1,-1,-1,-1,-1,-1,-1,-1,-1,-1,-1,-1,-1,-1,-1,81,-1,-1,-1,-1,-1,-1,-1,-1,-1,-1,-1,-1,81,-1,-1,-1,-1,-1,-1,81,-1,-1,-1,-1,-1,-1,-1,-1,-1,-1,-1,-1,-1,-1,96,97,98,-1,-1,-1,81,-1,-1,-1,-1,112,113,114,-1,-1,-1,-1,-1,-1,1,1,-1,-1,-1,-1,-1,1,1,-1,-1,-1,-1,-1,-1,-1,65,-1,-1
-1,-1,-1,-1,-1,1,1,-1,-1,-1,-1,-1,-1,-1,-1,1,1,1,1,-1,-1,-1,-1,-1,-1,-1,-1,-1,-1,-1,-1,-1,-1,-1,-1,-1,-1,-1,-1,-1,-1,-1,-1,-1,-1,96,97,98,-1,-1,-1,-1,-1,-1,-1,-1,-1,-1,96,97,98,-1,-1,-1,-1,96,97,98,-1,-1,-1,-1,-1,-1,-1,-1,-1,-1,-1,-1,-1,112,113,114,-1,-1,96,97,98,-1,-1,-1,-1,-1,-1,-1,-1,-1,-1,-1,1,1,-1,-1,-1,-1,1,1,1,-1,-1,-1,-1,-1,-1,-1,-1,81,-1,-1
-1,-1,-1,-1,-1,-1,1,1,-1,-1,-1,-1,-1,-1,-1,-1,-1,-1,1,1,-1,-1,-1,-1,-1,-1,-1,-1,-1,-1,-1,-1,-1,-1,-1,-1,-1,65,-1,-1,-1,-1,-1,-1,-1,112,113,114,-1,-1,-1,-1,-1,-1,-1,-1,-1,-1,112,113,114,-1,-1,-1,65,112,113,114,-1,-1,-1,-1,-1,-1,-1,-1,-1,-1,-1,-1,-1,-1,-1,-1,-1,-1,112,113,114,-1,-1,-1,-1,-1,-1,-1,-1,-1,-1,1,1,-1,-1,-1,1,1,1,-1,-1,-1,-1,-1,-1,-1,-1,-1,96,97,98,-1
-1,-1,-1,-1,-1,-1,-1,1,1,1,-1,-1,-1,-1,-1,-1,-1,-1,1,1,1,-1,-1,-1,-1,-1,-1,-1,-1,-1,-1,-1,-1,-1,-1,-1,-1,81,-1,-1,-1,-1,-1,-1,-1,-1,-1,-1,65,-1,-1,-1,-1,-1,-1,-1,-1,-1,-1,-1,-1,-1,-1,-1,81,-1,-1,-1,-1,-1,-1,-1,-1,-1,-1,-1,-1,-1,-1,-1,-1,-1,-1,-1,-1,-1,-1,-1,65,-1,-1,-1,-1,-1,-1,-1,-1,-1,1,1,-1,-1,-1,1,1,-1,-1,-1,-1,-1,-1,112,-1,-1,-1,-1,112,113,114,-1
-1,-1,-1,-1,-1,-1,-1,-1,-1,1,1,-1,-1,-1,-1,-1,-1,-1,-1,-1,1,1,-1,-1,-1,-1,-1,-1,-1,-1,-1,-1,-1,-1,-1,-1,96,97,98,-1,-1,-1,-1,-1,-1,-1,-1,-1,81,-1,-1,-1,-1,-1,-1,-1,-1,-1,-1,-1,-1,-1,-1,96,97,98,-1,-1,-1,-1,-1,-1,65,-1,-1,-1,-1,-1,-1,-1,-1,-1,-1,-1,-1,-1,-1,-1,81,-1,-1,-1,-1,-1,-1,-1,1,1,-1,-1,-1,1,1,-1,-1,-1,-1,-1,-1,-1,-1,-1,-1,-1,-1,-1,-1,-1,-1,-1
-1,-1,-1,-1,-1,-1,-1,-1,-1,-1,1,1,1,1,-1,-1,-1,-1,-1,-1,-1,1,1,-1,-1,-1,-1,-1,-1,-1,-1,-1,-1,-1,-1,-1,112,113,114,-1,-1,-1,-1,-1,65,-1,-1,96,97,98,-1,-1,-1,-1,-1,-1,-1,-1,-1,65,-1,-1,-1,112,113,114,-1,-1,65,-1,-1,-1,81,-1,-1,-1,-1,-1,-1,-1,-1,-1,-1,-1,-1,-1,-1,96,97,-1,-1,-1,-1,-1,1,1,1,-1,-1,1,1,1,-1,-1,-1,-1,-1,-1,-1,-1,-1,-1,-1,-1,-1,-1,-1,-1,-1,-1
-1,-1,-1,-1,-1,-1,-1,-1,-1,96,-1,-1,-1,1,1,1,-1,-1,-1,-1,-1,-1,1,-1,-1,-1,-1,-1,-1,-1,-1,-1,-1,65,-1,-1,-1,-1,-1,-1,65,-1,-1,-1,81,-1,-1,112,113,114,-1,-1,-1,-1,-1,-1,-1,-1,-1,81,-1,-1,-1,-1,-1,-1,-1,-1,81,-1,-1,96,97,98,-1,-1,-1,-1,-1,-1,-1,-1,-1,-1,-1,-1,-1,112,-1,-1,-1,-1,-1,1,1,-1,-1,-1,1,1,-1,-1,-1,-1,-1,-1,-1,-1,-1,81,-1,-1,-1,-1,65,-1,-1,65,-1,-1
-1,-1,-1,-1,-1,-1,-1,-1,-1,-1,-1,114,-1,-1,-1,1,-1,-1,-1,-1,-1,1,-1,-1,-1,-1,-1,-1,-1,-1,-1,-1,-1,81,-1,-1,-1,-1,-1,-1,81,-1,-1,96,97,98,-1,-1,-1,-1,-1,-1,-1,-1,-1,-1,-1,-1,96,97,98,-1,-1,-1,-1,-1,-1,96,97,98,-1,112,113,114,-1,-1,-1,-1,65,65,-1,-1,-1,-1,-1,-1,-1,-1,-1,-1,-1,-1,1,1,-1,1,1,1,-1,-1,-1,-1,-1,-1,-1,-1,-1,-1,96,97,98,-1,-1,-1,81,-1,-1,81,-1,-1
-1,81,-1,-1,-1,-1,-1,-1,-1,-1,-1,-1,-1,-1,-1,-1,1,-1,-1,-1,1,-1,-1,-1,-1,-1,1,-1,-1,-1,-1,-1,96,97,98,-1,-1,65,-1,96,97,98,-1,112,113,114,-1,-1,-1,-1,65,-1,-1,-1,-1,-1,-1,-1,112,113,114,-1,-1,65,-1,-1,-1,112,113,114,-1,-1,-1,-1,-1,65,-1,-1,81,81,-1,-1,-1,-1,-1,-1,-1,-1,-1,-1,1,1,1,-1,1,1,-1,-1,-1,-1,-1,-1,-1,-1,-1,-1,-1,-1,112,113,114,-1,-1,96,97,98,96,97,98,-1
96,97,98,-1,-1,-1,-1,-1,81,-1,-1,-1,-1,-1,-1,-1,-1,1,1,1,-1,-1,-1,-1,-1,1,1,1,-1,-1,-1,-1,112,113,114,-1,-1,81,-1,112,113,114,-1,-1,-1,-1,-1,-1,-1,-1,81,-1,-1,-1,-1,-1,-1,-1,-1,-1,-1,-1,-1,81,-1,-1,-1,-1,-1,-1,-1,65,-1,-1,-1,-1,-1,-1,-1,98,98,-1,-1,-1,-1,-1,-1,-1,-1,-1,-1,1,1,1,1,-1,-1,-1,-1,-1,-1,-1,-1,-1,81,-1,-1,-1,-1,-1,-1,-1,-1,112,113,114,112,113,114,-1
112,113,114,-1,-1,-1,-1,96,97,98,-1,-1,-1,-1,-1,-1,-1,-1,-1,-1,-1,-1,-1,-1,1,1,1,1,1,1,-1,-1,-1,-1,-1,-1,96,97,-1,-1,-1,-1,-1,-1,-1,-1,-1,-1,-1,96,-1,-1,-1,-1,-1,-1,-1,-1,-1,-1,-1,-1,-1,-1,98,-1,-1,-1,-1,-1,-1,-1,-1,-1,96,97,98,112,-1,114,114,-1,-1,-1,-1,-1,-1,-1,-1,-1,-1,-1,-1,1,1,-1,-1,-1,-1,-1,-1,-1,-1,96,97,98,-1,-1,65,-1,-1,-1,-1,-1,-1,-1,-1,-1,-1,-1
-1,-1,-1,-1,-1,-1,-1,112,113,114,-1,-1,-1,-1,-1,-1,-1,-1,-1,-1,-1,-1,-1,1,1,-1,-1,-1,-1,1,1,-1,-1,-1,-1,-1,-1,-1,-1,-1,-1,-1,-1,-1,-1,-1,-1,-1,-1,-1,-1,-1,-1,-1,-1,-1,-1,-1,-1,-1,-1,-1,-1,-1,-1,-1,-1,-1,-1,-1,96,-1,98,-1,-1,-1,-1,-1,-1,-1,-1,-1,-1,1,1,1,-1,-1,-1,-1,-1,-1,-1,-1,-1,-1,-1,-1,65,-1,-1,-1,-1,112,113,114,-1,-1,81,-1,-1,-1,65,-1,-1,-1,-1,-1,-1,-1
-1,-1,65,-1,-1,-1,-1,-1,-1,-1,-1,-1,-1,-1,-1,-1,-1,-1,-1,-1,-1,-1,1,1,-1,-1,-1,-1,-1,-1,1,1,-1,-1,-1,-1,-1,-1,-1,-1,-1,-1,-1,-1,-1,-1,-1,-1,-1,-1,-1,-1,-1,-1,-1,-1,-1,-1,-1,-1,-1,-1,-1,-1,-1,-1,-1,-1,-1,-1,112,-1,-1,-1,-1,-1,-1,-1,-1,-1,-1,-1,1,1,-1,-1,1,-1,-1,-1,-1,-1,-1,-1,-1,-1,-1,-1,81,-1,-1,-1,-1,-1,-1,-1,-1,96,97,98,-1,-1,81,-1,-1,-1,-1,-1,-1,-1
-1,-1,81,-1,-1,-1,-1,-1,65,65,-1,-1,-1,-1,-1,-1,-1,-1,-1,-1,-1,-1,-1,1,-1,-1,-1,-1,-1,-1,-1,1,1,1,-1,-1,-1,-1,-1,-1,1,1,1,1,1,1,1,1,1,1,1,1,-1,-1,-1,-1,1,1,1,1,1,1,1,1,1,1,1,1,1,-1,-1,-1,-1,-1,-1,-1,-1,1,1,1,1,1,1,-1,-1,-1,1,1,-1,-1,-1,-1,-1,-1,-1,-1,-1,96,97,98,-1,-1,-1,65,-1,-1,-1,112,113,114,-1,96,97,98,-1,-1,-1,-1,65,-1
-1,96,97,98,-1,-1,-1,-1,81,81,-1,-1,-1,-1,-1,-1,-1,-1,-1,-1,-1,-1,-1,1,1,1,1,-1,-1,-1,-1,-1,-1,1,1,1,1,1,1,1,1,-1,-1,-1,-1,-1,-1,-1,-1,-1,-1,1,-1,-1,-1,-1,1,-1,-1,-1,-1,-1,-1,-1,-1,1,1,1,1,1,1,1,1,1,1,1,1,1,-1,-1,-1,-1,-1,-1,-1,1,1,-1,-1,-1,-1,-1,-1,-1,-1,-1,-1,112,113,114,-1,-1,-1,81,-1,-1,-1,-1,-1,-1,-1,112,113,114,-1,-1,-1,-1,81,-1
-1,112,113,114,-1,-1,-1,96,97,98,98,-1,-1,-1,-1,-1,-1,-1,-1,-1,-1,-1,-1,-1,-1,-1,1,1,1,-1,-1,-1,-1,-1,-1,-1,-1,-1,-1,-1,-1,-1,-1,-1,-1,-1,-1,-1,-1,-1,-1,1,-1,-1,-1,-1,1,-1,-1,-1,-1,-1,-1,-1,-1,-1,-1,1,1,1,-1,-1,-1,-1,-1,-1,-1,-1,-1,-1,1,1,1,1,1,1,-1,-1,-1,-1,-1,-1,-1,-1,-1,-1,-1,-1,-1,-1,-1,-1,96,97,98,-1,-1,-1,-1,65,-1,-1,-1,-1,-1,-1,-1,96,97,98
-1,-1,-1,-1,65,-1,-1,112,113,114,114,-1,-1,-1,-1,-1,-1,-1,-1,-1,-1,-1,-1,-1,-1,-1,-1,-1,1,-1,-1,-1,-1,-1,-1,-1,-1,-1,-1,-1,-1,-1,-1,-1,-1,-1,-1,-1,-1,-1,-1,1,-1,-1,-1,-1,1,-1,-1,-1,-1,-1,-1,-1,-1,-1,-1,-1,-1,-1,-1,-1,-1,-1,-1,-1,-1,-1,1,1,1,-1,-1,-1,-1,-1,-1,-1,-1,-1,-1,-1,-1,-1,-1,-1,-1,-1,-1,-1,-1,-1,112,113,114,-1,-1,-1,-1,81,-1,-1,-1,-1,-1,-1,65,112,113,114
-1,-1,-1,-1,81,-1,-1,-1,-1,-1,-1,-1,-1,-1,-1,-1,-1,-1,-1,-1,-1,81,-1,-1,-1,-1,-1,-1,1,1,-1,-1,-1,-1,-1,-1,-1,-1,-1,-1,-1,-1,-1,-1,-1,-1,-1,-1,-1,-1,-1,1,-1,-1,-1,-1,1,-1,-1,-1,-1,65,-1,-1,-1,-1,-1,-1,-1,-1,-1,-1,-1,-1,-1,-1,1,1,1,-1,-1,-1,-1,-1,-1,-1,-1,-1,-1,-1,-1,-1,-1,-1,-1,-1,-1,-1,-1,-1,-1,-1,-1,-1,-1,-1,-1,-1,96,97,98,-1,-1,-1,-1,-1,81,-1,-1,-1
-1,-1,-1,96,97,98,-1,-1,-1,-1,-1,-1,-1,-1,-1,-1,-1,-1,-1,-1,96,97,98,-1,-1,-1,-1,-1,-1,1,1,1,-1,-1,-1,-1,-1,-1,-1,-1,-1,-1,-1,1,1,1,65,1,1,1,65,1,-1,-1,-1,-1,1,65,1,1,1,81,1,1,65,1,1,1,-1,-1,-1,-1,-1,-1,-1,-1,1,-1,-1,-1,-1,-1,-1,-1,-1,-1,-1,65,-1,-1,-1,-1,-1,-1,-1,-1,-1,-1,-1,-1,-1,-1,-1,-1,-1,-1,-1,-1,112,113,114,65,-1,-1,-1,96,97,98,-1,-1
-1,-1,-1,112,113,114,-1,-1,-1,-1,-1,-1,-1,-1,-1,-1,-1,-1,-1,-1,112,113,114,-1,-1,-1,65,65,-1,-1,-1,1,-1,-1,-1,-1,-1,-1,-1,-1,-1,1,1,1,-1,-1,81,-1,-1,-1,81,-1,-1,-1,-1,-1,-1,81,-1,-1,96,97,98,-1,81,-1,1,1,-1,-1,-1,-1,-1,-1,-1,-1,1,-1,-1,-1,-1,-1,-1,-1,-1,-1,-1,81,-1,-1,-1,-1,-1,-1,-1,-1,-1,-1,-1,-1,-1,-1,-1,-1,-1,-1,-1,-1,-1,-1,-1,81,-1,-1,-1,112,113,114,-1,-1
-1,-1,65,-1,-1,-1,-1,-1,-1,-1,-1,-1,-1,-1,-1,-1,-1,-1,-1,-1,-1,-1,-1,-1,-1,-1,81,81,-1,-1,-1,1,-1,-1,-1,-1,-1,-1,-1,-1,-1,1,1,-1,-1,96,97,98,-1,96,97,98,-1,-1,-1,-1,96,97,98,-1,112,113,114,96,97,98,-1,1,1,-1,-1,-1,-1,-1,-1,-1,1,-1,-1,-1,-1,113,114,-1,-1,-1,96,97,98,-1,-1,-1,-1,-1,-1,-1,-1,-1,-1,-1,-1,-1,-1,-1,-1,-1,-1,-1,-1,-1,96,97,98,-1,-1,-1,-1,-1,-1,-1
-1,-1,81,-1,-1,-1,-1,-1,-1,65,-1,-1,-1,-1,-1,-1,-1,-1,-1,-1,-1,-1,-1,65,-1,96,96,97,-1,-1,-1,1,-1,-1,-1,-1,-1,-1,-1,-1,1,1,-1,65,-1,112,113,114,-1,112,113,114,-1,-1,-1,-1,112,113,114,-1,-1,-1,-1,112,113,114,-1,65,1,1,-1,-1,-1,-1,-1,-1,1,-1,-1,-1,-1,-1,-1,-1,-1,-1,112,113,114,-1,-1,-1,65,-1,-1,-1,-1,-1,-1,-1,-1,-1,-1,-1,-1,-1,-1,-1,-1,-1,112,113,114,-1,-1,-1,-1,-1,-1,-1
-1,96,97,98,-1,-1,-1,-1,-1,81,-1,-1,-1,-1,-1,-1,-1,-1,-1,-1,-1,-1,-1,81,-1,112,112,113,-1,-1,-1,1,-1,-1,-1,-1,-1,-1,-1,1,1,-1,-1,81,-1,-1,-1,-1,-1,-1,-1,-1,-1,-1,-1,-1,-1,-1,-1,-1,-1,-1,-1,-1,-1,-1,-1,81,-1,1,1,-1,-1,-1,-1,-1,1,-1,96,-1,98,-1,-1,-1,65,-1,-1,-1,-1,-1,-1,-1,81,-1,-1,-1,-1,-1,-1,-1,-1,-1,-1,-1,-1,-1,-1,-1,-1,-1,-1,-1,-1,-1,-1,-1,-1,-1,-1,-1
-1,112,113,114,-1,-1,-1,-1,96,97,98,-1,-1,-1,-1,-1,-1,-1,-1,-1,65,-1,96,97,98,-1,-1,-1,-1,-1,-1,1,-1,-1,-1,-1,-1,-1,1,1,65,-1,96,97,98,-1,-1,-1,-1,-1,-1,-1,-1,-1,-1,-1,-1,-1,-1,-1,-1,-1,-1,-1,-1,-1,96,97,98,-1,1,1,-1,-1,-1,-1,1,-1,-1,113,114,-1,-1,-1,81,-1,-1,-1,-1,-1,-1,96,97,98,-1,-1,-1,-1,-1,-1,-1,-1,-1,-1,-1,-1,-1,-1,-1,-1,-1,-1,-1,-1,-1,-1,-1,-1,-1,-1
-1,-1,-1,-1,-1,-1,-1,-1,112,113,114,-1,-1,-1,-1,-1,65,-1,-1,-1,81,-1,112,113,114,-1,-1,96,81,-1,-1,1,-1,-1,-1,-1,-1,1,1,-1,81,-1,112,113,114,-1,-1,-1,-1,-1,-1,-1,-1,-1,-1,-1,-1,-1,-1,-1,-1,-1,-1,-1,-1,-1,112,113,114,-1,-1,1,1,-1,-1,-1,1,-1,-1,-1,65,-1,-1,96,97,98,-1,-1,-1,-1,-1,112,113,114,-1,-1,-1,-1,-1,-1,-1,-1,-1,-1,-1,-1,-1,-1,-1,-1,-1,-1,-1,-1,-1,-1,-1,-1,-1,-1
-1,-1,-1,-1,-1,-1,-1,-1,-1,-1,-1,-1,-1,-1,-1,-1,81,-1,-1,96,97,98,-1,-1,-1,65,-1,96,97,-1,-1,1,-1,-1,-1,-1,-1,1,-1,96,97,98,-1,-1,-1,-1,-1,-1,-1,-1,-1,-1,-1,-1,-1,-1,-1,-1,-1,-1,-1,-1,-1,-1,-1,-1,-1,-1,-1,65,-1,-1,1,-1,-1,-1,1,-1,-1,-1,81,-1,-1,112,113,114,-1,65,-1,-1,-1,-1,-1,-1,-1,65,-1,-1,-1,-1,-1,-1,-1,-1,-1,-1,-1,-1,-1,-1,-1,-1,-1,-1,-1,-1,-1,-1,-1,-1
-1,-1,-1,-1,-1,-1,-1,-1,-1,-1,-1,-1,-1,-1,-1,96,97,98,-1,112,113,114,-1,-1,-1,81,-1,112,113,-1,-1,1,-1,-1,-1,-1,-1,1,-1,112,113,114,-1,-1,-1,-1,-1,-1,-1,-1,-1,-1,-1,-1,-1,-1,-1,-1,-1,-1,-1,-1,-1,-1,-1,-1,-1,-1,-1,81,-1,-1,1,-1,-1,-1,1,-1,-1,96,97,98,-1,-1,-1,-1,-1,81,-1,-1,-1,-1,-1,-1,-1,81,-1,-1,-1,-1,65,-1,-1,-1,-1,-1,-1,-1,-1,-1,-1,-1,-1,-1,-1,-1,-1,-1,-1,-1
-1,-1,-1,-1,-1,-1,-1,-1,-1,-1,-1,-1,-1,-1,-1,112,113,114,-1,-1,-1,-1,-1,-1,96,97,98,-1,-1,-1,-1,1,-1,-1,-1,-1,-1,1,-1,-1,-1,-1,-1,-1,-1,-1,-1,-1,-1,-1,-1,-1,-1,-1,-1,-1,-1,-1,-1,-1,-1,-1,-1,-1,-1,-1,-1,-1,96,97,98,-1,1,-1,-1,-1,1,-1,-1,112,113,114,-1,-1,-1,-1,96,97,98,-1,-1,-1,-1,-1,96,97,98,-1,-1,-1,81,-1,-1,-1,-1,-1,-1,-1,-1,-1,-1,-1,-1,-1,-1,-1,-1,-1,-1,-1
-1,-1,-1,-1,-1,-1,-1,-1,-1,-1,-1,-1,-1,-1,-1,-1,-1,-1,-1,-1,-1,-1,-1,-1,112,113,114,-1,-1,-1,-1,1,1,1,1,1,1,1,-1,-1,-1,-1,-1,-1,-1,-1,-1,-1,-1,-1,-1,-1,-1,-1,-1,-1,-1,-1,-1,-1,-1,-1,-1,-1,-1,-1,-1,-1,112,113,114,-1,1,1,1,1,1,-1,-1,-1,-1,-1,-1,-1,-1,-1,112,113,114,-1,-1,-1,-1,-1,112,113,114,-1,-1,96,97,98,-1,-1,-1,-1,-1,-1,-1,-1,-1,-1,-1,-1,-1,-1,-1,-1,-1,-1
-1,-1,-1,-1,-1,-1,-1,-1,-1,-1,-1,-1,-1,-1,-1,-1,-1,-1,-1,-1,-1,-1,-1,-1,-1,-1,-1,-1,-1,-1,-1,-1,-1,-1,-1,-1,-1,-1,-1,-1,-1,-1,-1,-1,-1,-1,-1,-1,-1,-1,-1,-1,-1,-1,-1,-1,-1,-1,-1,-1,-1,-1,-1,-1,-1,-1,-1,-1,-1,-1,-1,-1,-1,-1,-1,-1,-1,-1,-1,-1,-1,-1,-1,-1,-1,-1,-1,-1,-1,-1,-1,-1,-1,-1,-1,-1,-1,-1,-1,112,113,114,-1,-1,-1,-1,-1,-1,-1,-1,-1,-1,-1,-1,-1,-1,-1,-1,-1,-1
-1,-1,-1,-1,-1,-1,-1,-1,-1,-1,-1,-1,-1,-1,-1,-1,-1,-1,-1,-1,-1,-1,-1,-1,-1,-1,-1,-1,-1,-1,-1,-1,-1,-1,-1,-1,-1,-1,-1,-1,-1,-1,-1,-1,-1,-1,-1,-1,-1,-1,-1,-1,-1,-1,-1,-1,-1,-1,-1,-1,-1,-1,-1,-1,-1,-1,-1,-1,-1,-1,-1,-1,-1,-1,-1,-1,-1,-1,-1,-1,-1,-1,-1,-1,-1,-1,-1,-1,-1,-1,-1,-1,-1,-1,-1,-1,-1,-1,-1,-1,-1,-1,-1,-1,-1,-1,-1,-1,-1,-1,-1,-1,-1,-1,-1,-1,-1,-1,-1,-1
-1,-1,-1,-1,-1,-1,-1,-1,-1,-1,-1,-1,-1,-1,-1,-1,-1,-1,-1,-1,-1,-1,-1,-1,-1,-1,-1,-1,-1,-1,-1,-1,-1,-1,-1,-1,-1,-1,-1,-1,-1,-1,-1,-1,-1,-1,-1,-1,-1,-1,-1,-1,-1,-1,-1,-1,-1,-1,-1,-1,-1,-1,-1,-1,-1,-1,-1,-1,-1,-1,-1,-1,-1,-1,-1,-1,-1,-1,-1,-1,-1,-1,-1,-1,-1,-1,-1,-1,-1,-1,-1,-1,-1,-1,-1,-1,-1,-1,-1,-1,-1,-1,-1,-1,-1,-1,-1,-1,-1,-1,-1,-1,-1,-1,-1,-1,-1,-1,-1,-1
-1,-1,-1,-1,-1,-1,-1,-1,-1,-1,-1,-1,-1,-1,-1,-1,-1,-1,-1,-1,-1,-1,-1,-1,-1,-1,-1,-1,-1,-1,-1,1,1,1,1,1,1,1,-1,-1,-1,-1,-1,-1,-1,-1,-1,-1,-1,-1,-1,-1,-1,-1,-1,-1,-1,-1,-1,-1,-1,-1,-1,-1,-1,-1,-1,-1,-1,65,-1,-1,1,1,1,1,1,-1,-1,-1,-1,-1,-1,-1,-1,-1,-1,-1,-1,-1,-1,-1,-1,-1,-1,-1,-1,-1,-1,-1,-1,-1,-1,-1,-1,-1,-1,-1,-1,-1,-1,-1,-1,-1,-1,-1,-1,-1,-1,-1
-1,-1,-1,65,-1,-1,-1,-1,-1,-1,-1,-1,-1,-1,-1,-1,-1,-1,-1,-1,-1,-1,-1,65,-1,-1,-1,-1,-1,-1,-1,1,-1,-1,-1,-1,-1,1,-1,96,97,98,65,-1,-1,-1,-1,-1,-1,-1,-1,-1,-1,-1,-1,-1,-1,-1,-1,-1,-1,-1,-1,-1,-1,-1,-1,-1,-1,81,-1,-1,1,-1,-1,-1,1,-1,-1,-1,-1,-1,-1,-1,-1,-1,-1,-1,-1,-1,-1,-1,65,-1,-1,-1,-1,-1,-1,65,-1,-1,-1,-1,-1,-1,-1,-1,-1,-1,-1,-1,-1,-1,-1,-1,-1,-1,-1,-1
-1,-1,-1,81,-1,-1,-1,-1,-1,-1,-1,-1,-1,-1,-1,-1,-1,65,-1,-1,-1,-1,-1,81,-1,-1,-1,-1,-1,-1,-1,1,-1,-1,-1,-1,-1,1,-1,112,113,114,81,-1,-1,-1,-1,-1,-1,-1,-1,-1,-1,-1,-1,-1,-1,-1,-1,-1,-1,-1,-1,-1,-1,-1,-1,-1,96,97,98,-1,1,-1,-1,-1,1,-1,-1,-1,-1,-1,-1,65,-1,-1,-1,-1,-1,-1,-1,-1,81,-1,-1,-1,-1,-1,-1,81,-1,-1,-1,-1,-1,-1,-1,-1,-1,-1,-1,-1,-1,-1,-1,-1,-1,-1,-1,-1
-1,-1,96,97,98,-1,-1,65,-1,-1,-1,-1,-1,-1,-1,-1,-1,81,-1,-1,-1,-1,96,97,98,-1,-1,-1,-1,-1,-1,1,-1,-1,-1,-1,-1,1,-1,-1,-1,96,97,98,-1,-1,-1,-1,-1,-1,-1,-1,-1,-1,-1,-1,-1,-1,-1,-1,-1,-1,-1,-1,-1,-1,65,-1,112,113,114,-1,1,-1,-1,-1,1,-1,-1,-1,-1,-1,-1,81,-1,-1,-1,-1,-1,-1,-1,96,97,98,-1,-1,-1,-1,96,97,98,-1,-1,-1,-1,-1,-1,-1,-1,-1,-1,-1,-1,-1,-1,-1,-1,-1,-1,-1
-1,-1,112,113,114,-1,-1,81,-1,-1,-1,-1,-1,-1,-1,-1,96,97,98,-1,-1,-1,112,113,114,-1,65,-1,-1,-1,-1,1,-1,-1,-1,-1,-1,1,1,-1,-1,112,113,114,-1,65,-1,-1,-1,-1,-1,-1,-1,-1,-1,-1,-1,-1,-1,-1,-1,-1,-1,-1,-1,-1,81,-1,-1,-1,-1,1,1,-1,-1,-1,1,-1,-1,-1,-1,-1,96,97,98,-1,-1,-1,-1,-1,-1,112,113,114,-1,-1,-1,-1,112,113,114,-1,-1,-1,-1,-1,-1,-1,-1,-1,-1,-1,-1,-1,-1,-1,-1,-1,-1,-1
-1,65,-1,-1,-1,-1,96,97,98,-1,-1,-1,-1,-1,-1,-1,112,113,114,-1,-1,-1,-1,-1,-1,-1,81,-1,-1,-1,-1,1,-1,-1,-1,-1,-1,-1,1,1,-1,-1,-1,-1,-1,81,-1,-1,-1,65,-1,-1,-1,-1,-1,-1,-1,-1,-1,65,-1,-1,-1,65,-1,96,97,98,-1,-1,1,1,-1,-1,-1,-1,1,-1,-1,-1,-1,-1,112,113,114,-1,-1,-1,65,-1,-1,-1,-1,-1,-1,65,-1,-1,-1,-1,-1,-1,-1,-1,-1,-1,-1,-1,-1,-1,-1,-1,65,-1,-1,-1,-1,-1,-1,-1
-1,81,-1,-1,-1,-1,112,113,114,-1,-1,-1,-1,-1,-1,-1,-1,-1,-1,-1,-1,65,-1,-1,-1,96,97,98,-1,-1,-1,1,-1,-1,-1,-1,-1,-1,-1,1,1,-1,-1,-1,96,97,98,-1,-1,81,-1,-1,-1,-1,-1,-1,-1,-1,-1,81,-1,-1,-1,81,-1,112,113,114,-1,1,1,-1,-1,-1,-1,-1,1,-1,-1,65,-1,-1,-1,-1,-1,-1,-1,-1,81,-1,-1,-1,-1,-1,-1,81,-1,-1,-1,-1,-1,-1,-1,-1,-1,-1,-1,-1,-1,-1,-1,-1,81,-1,-1,-1,-1,-1,-1,-1
96,97,98,-1,-1,65,-1,-1,-1,-1,-1,-1,-1,-1,-1,-1,-1,-1,-1,-1,-1,81,-1,-1,-1,112,113,114,-1,-1,-1,1,-1,-1,-1,-1,-1,-1,-1,-1,1,1,-1,-1,112,113,114,-1,96,97,98,-1,-1,-1,-1,-1,-1,-1,96,97,98,-1,96,97,98,-1,-1,-1,1,1,-1,-1,-1,-1,-1,-1,1,-1,-1,81,-1,-1,-1,-1,-1,-1,-1,96,97,98,-1,-1,-1,-1,96,97,98,-1,-1,-1,-1,-1,-1,-1,-1,-1,-1,-1,-1,-1,-1,96,97,98,-1,-1,-1,-1,-1,-1
112,113,114,-1,-1,81,-1,-1,-1,-1,-1,-1,-1,-1,-1,-1,-1,-1,-1,-1,96,97,98,-1,65,-1,-1,-1,-1,-1,-1,1,-1,-1,-1,-1,-1,-1,-1,-1,-1,1,1,-1,-1,-1,-1,-1,112,113,114,-1,-1,-1,-1,-1,-1,-1,112,113,114,-1,112,113,114,-1,-1,1,1,-1,-1,-1,-1,-1,-1,-1,1,-1,-1,97,98,-1,-1,-1,-1,-1,-1,112,113,114,-1,-1,-1,-1,112,113,114,-1,-1,-1,-1,-1,-1,-1,-1,-1,-1,-1,-1,-1,-1,112,113,114,-1,-1,-1,-1,-1,-1
-1,-1,-1,-1,96,97,98,-1,-1,-1,-1,-1,-1,-1,-1,-1,-1,65,-1,-1,112,113,114,-1,81,-1,-1,-1,-1,-1,-1,1,-1,-1,-1,-1,-1,-1,-1,-1,-1,-1,1,1,-1,-1,-1,-1,-1,-1,-1,-1,-1,-1,-1,-1,-1,-1,-1,-1,-1,-1,-1,-1,-1,-1,1,1,-1,-1,-1,-1,-1,-1,-1,-1,1,-1,-1,113,114,-1,-1,-1,-1,-1,-1,-1,-1,-1,-1,65,-1,-1,-1,-1,-1,-1,-1,-1,-1,-1,-1,-1,-1,-1,-1,-1,-1,-1,-1,-1,-1,-1,-1,-1,-1,-1,65,-1
-1,-1,-1,-1,112,113,114,-1,-1,-1,-1,-1,-1,-1,-1,-1,-1,81,-1,-1,-1,-1,-1,96,97,98,-1,-1,-1,-1,1,1,-1,-1,-1,-1,-1,-1,-1,-1,-1,-1,-1,1,1,1,1,1,1,1,1,1,-1,-1,-1,-1,1,1,1,1,1,1,1,1,1,1,1,1,-1,-1,-1,-1,-1,-1,-1,-1,1,-1,-1,-1,-1,-1,-1,-1,65,-1,-1,-1,-1,-1,-1,81,-1,-1,-1,-1,-1,-1,-1,-1,-1,-1,-1,-1,-1,-1,-1,-1,-1,-1,-1,-1,-1,65,-1,-1,-1,-1,81,-1
-1,-1,65,-1,-1,-1,-1,-1,65,-1,-1,-1,-1,-1,-1,-1,96,97,98,-1,-1,-1,-1,112,113,114,-1,-1,-1,1,1,-1,-1,-1,-1,-1,-1,-1,-1,-1,-1,-1,-1,-1,-1,-1,-1,-1,-1,-1,-1,1,-1,-1,-1,-1,1,-1,-1,-1,-1,-1,-1,-1,-1,-1,-1,-1,-1,-1,-1,-1,-1,-1,-1,-1,1,-1,-1,-1,-1,-1,-1,-1,81,-1,-1,-1,-1,-1,96,97,98,-1,-1,-1,-1,-1,-1,-1,-1,-1,-1,-1,-1,-1,-1,-1,-1,-1,-1,-1,-1,81,-1,-1,-1,96,97,98
-1,-1,81,-1,-1,-1,-1,-1,81,-1,-1,-1,-1,-1,-1,-1,112,113,114,-1,-1,-1,-1,-1,-1,-1,-1,-1,1,1,-1,-1,-1,-1,-1,-1,-1,-1,-1,-1,-1,-1,-1,-1,-1,-1,-1,-1,-1,-1,-1,1,-1,-1,-1,-1,1,-1,-1,-1,-1,-1,-1,-1,-1,-1,-1,-1,-1,-1,-1,-1,-1,-1,-1,-1,1,-1,-1,-1,-1,-1,-1,96,97,98,-1,-1,-1,-1,112,113,114,-1,-1,-1,-1,-1,-1,-1,-1,-1,-1,-1,-1,-1,-1,-1,-1,-1,-1,-1,96,97,98,-1,-1,112,113,114
-1,96,97,98,-1,-1,-1,96,97,98,-1,-1,-1,-1,-1,-1,-1,-1,-1,-1,-1,-1,-1,-1,-1,-1,-1,1,1,-1,-1,-1,-1,-1,-1,-1,-1,-1,-1,-1,-1,-1,-1,-1,-1,-1,-1,-1,-1,-1,-1,1,-1,-1,-1,-1,1,-1,-1,-1,-1,-1,-1,-1,-1,-1,-1,-1,-1,-1,-1,-1,-1,-1,-1,-1,1,1,1,-1,-1,-1,-1,112,113,114,-1,-1,65,-1,-1,-1,-1,-1,-1,-1,-1,-1,-1,-1,-1,-1,-1,-1,-1,-1,-1,-1,-1,65,-1,-1,112,113,114,-1,-1,-1,-1,-1
-1,112,113,114,-1,-1,-1,112,113,114,-1,-1,-1,-1,-1,-1,-1,-1,-1,65,-1,-1,-1,-1,-1,-1,1,-1,-1,-1,-1,-1,-1,-1,-1,-1,-1,-1,-1,-1,-1,-1,-1,-1,-1,-1,-1,-1,-1,-1,-1,1,-1,-1,-1,-1,1,-1,-1,-1,-1,-1,-1,-1,-1,-1,-1,-1,-1,-1,-1,-1,-1,-1,-1,-1,-1,-1,1,1,-1,-1,-1,-1,-1,-1,-1,-1,81,-1,-1,-1,-1,-1,-1,-1,-1,-1,-1,-1,-1,-1,-1,-1,-1,-1,-1,-1,-1,81,-1,-1,-1,-1,-1,-1,-1,-1,-1,-1
-1,-1,-1,-1,-1,65,-1,-1,-1,-1,-1,-1,-1,-1,-1,-1,-1,-1,-1,81,-1,-1,-1,-1,-1,1,1,-1,-1,-1,-1,-1,-1,-1,-1,-1,-1,1,1,1,1,1,1,1,1,1,1,1,1,1,1,1,-1,-1,-1,-1,1,1,1,1,1,1,1,1,1,1,1,1,1,1,1,1,1,-1,-1,-1,-1,-1,-1,1,1,-1,-1,-1,-1,-1,-1,96,97,98,-1,-1,-1,-1,-1,-1,-1,-1,-1,-1,-1,-1,-1,-1,-1,-1,-1,-1,96,97,98,-1,-1,-1,-1,-1,-1,-1,-1,-1
-1,-1,-1,-1,-1,81,-1,-1,-1,-1,-1,-1,-1,-1,-1,-1,-1,-1,96,97,98,-1,-1,-1,1,1,-1,-1,-1,-1,-1,-1,-1,-1,-1,1,1,1,-1,-1,-1,-1,-1,-1,-1,-1,-1,-1,-1,-1,-1,-1,-1,-1,-1,-1,-1,-1,-1,-1,-1,-1,-1,-1,-1,-1,-1,-1,-1,-1,-1,-1,1,1,1,-1,-1,-1,-1,-1,1,1,1,-1,-1,-1,-1,112,113,114,-1,-1,-1,-1,-1,-1,-1,-1,-1,-1,-1,-1,-1,-1,-1,65,-1,-1,112,113,114,-1,-1,-1,-1,-1,65,-1,-1,-1
-1,-1,-1,-1,96,97,98,-1,-1,-1,-1,-1,-1,-1,-1,-1,-1,-1,112,113,114,-1,-1,1,1,-1,-1,-1,-1,-1,-1,-1,-1,-1,-1,1,-1,-1,-1,-1,-1,-1,-1,-1,-1,-1,-1,-1,-1,-1,-1,-1,-1,-1,-1,-1,-1,96,97,98,-1,-1,65,-1,-1,-1,-1,81,-1,-1,-1,-1,-1,-1,1,1,-1,-1,-1,-1,-1,-1,1,-1,-1,-1,-1,-1,-1,-1,-1,-1,-1,-1,-1,-1,-1,-1,-1,-1,-1,-1,-1,-1,-1,81,-1,-1,-1,-1,-1,-1,-1,-1,-1,-1,81,-1,-1,-1
-1,-1,65,-1,112,113,114,-1,-1,65,-1,-1,-1,-1,-1,-1,-1,-1,-1,-1,-1,-1,-1,1,-1,-1,-1,-1,-1,-1,-1,-1,-1,-1,-1,1,-1,-1,-1,-1,-1,-1,112,113,114,-1,-1,-1,96,97,98,-1,-1,-1,-1,-1,-1,112,113,114,-1,-1,81,-1,-1,-1,96,97,98,-1,-1,-1,-1,-1,-1,1,1,1,1,1,-1,-1,1,1,1,-1,-1,-1,-1,-1,-1,-1,-1,-1,-1,-1,-1,-1,-1,-1,-1,-1,-1,-1,96,97,98,-1,-1,-1,-1,-1,-1,-1,-1,96,97,98,-1,-1
-1,-1,81,-1,-1,-1,-1,-1,-1,81,-1,-1,-1,-1,-1,-1,-1,-1,-1,-1,-1,1,1,1,-1,-1,-1,-1,-1,-1,-1,-1,-1,1,1,-1,-1,-1,-1,-1,65,-1,-1,-1,-1,-1,-1,-1,112,113,114,-1,-1,-1,-1,-1,-1,-1,-1,-1,-1,96,97,98,-1,-1,112,113,114,-1,-1,-1,-1,65,-1,-1,-1,-1,-1,1,1,-1,-1,-1,1,1,-1,-1,-1,-1,-1,-1,-1,-1,-1,-1,-1,-1,-1,-1,-1,-1,-1,-1,112,113,114,-1,-1,-1,65,-1,-1,-1,-1,112,113,114,-1,-1
-1,96,97,98,-1,-1,-1,-1,96,97,98,-1,-1,65,-1,-1,-1,-1,-1,-1,-1,-1,1,-1,-1,-1,-1,-1,1,1,1,1,1,1,-1,-1,-1,-1,-1,-1,81,-1,-1,-1,-1,65,-1,-1,-1,-1,-1,-1,-1,-1,-1,-1,-1,-1,-1,-1,-1,112,113,114,-1,-1,-1,-1,-1,-1,-1,-1,-1,81,-1,-1,-1,-1,-1,-1,1,1,-1,1,1,-1,-1,-1,-1,-1,-1,-1,-1,-1,-1,-1,-1,-1,-1,-1,-1,-1,-1,-1,-1,-1,-1,-1,-1,-1,81,-1,-1,-1,-1,-1,-1,-1,-1,-1
-1,112,113,114,-1,-1,-1,-1,112,113,114,-1,-1,81,-1,-1,-1,-1,-1,-1,-1,-1,-1,1,-1,-1,-1,-1,1,-1,-1,-1,-1,-1,-1,-1,-1,-1,-1,96,97,98,-1,-1,-1,81,-1,-1,-1,-1,-1,-1,-1,-1,-1,-1,-1,-1,-1,-1,-1,-1,-1,-1,-1,-1,-1,-1,-1,-1,-1,-1,96,97,98,-1,-1,-1,-1,-1,-1,1,1,1,-1,-1,-1,-1,-1,-1,-1,-1,-1,-1,-1,-1,-1,-1,-1,-1,-1,65,-1,-1,-1,-1,-1,-1,-1,96,97,98,-1,-1,-1,-1,-1,-1,-1,-1
-1,-1,-1,-1,-1,-1,-1,-1,-1,-1,-1,-1,96,97,98,-1,-1,1,1,-1,-1,-1,-1,-1,1,-1,1,1,1,-1,-1,-1,-1,-1,-1,65,-1,-1,-1,112,113,114,-1,-1,96,97,98,-1,-1,-1,-1,-1,-1,-1,-1,-1,-1,-1,-1,-1,-1,-1,-1,-1,-1,-1,-1,65,-1,-1,-1,-1,112,113,114,-1,-1,-1,-1,-1,-1,-1,-1,-1,-1,-1,-1,-1,-1,-1,1,1,1,-1,-1,-1,-1,-1,-1,-1,-1,81,-1,-1,-1,-1,-1,-1,-1,112,113,114,-1,-1,-1,-1,65,-1,-1,-1
-1,-1,-1,-1,-1,65,-1,-1,-1,-1,-1,-1,112,113,-1,-1,-1,1,1,1,-1,-1,-1,-1,-1,1,1,-1,-1,-1,-1,-1,-1,-1,-1,81,-1,-1,-1,-1,-1,-1,-1,-1,112,113,114,-1,-1,-1,65,-1,-1,-1,-1,-1,-1,-1,-1,-1,65,-1,-1,-1,-1,-1,-1,81,-1,-1,-1,-1,-1,-1,-1,-1,-1,-1,-1,-1,-1,-1,-1,-1,-1,-1,-1,-1,-1,1,1,-1,-1,1,-1,-1,-1,-1,-1,-1,96,97,98,-1,-1,-1,-1,-1,-1,-1,-1,-1,-1,-1,-1,-1,81,-1,-1,-1
-1,-1,-1,-1,-1,81,-1,-1,-1,-1,-1,-1,-1,-1,-1,-1,1,1,1,1,1,-1,-1,-1,-1,-1,-1,-1,-1,-1,-1,-1,-1,-1,96,97,98,-1,-1,-1,-1,-1,-1,-1,-1,-1,-1,-1,-1,-1,81,-1,-1,-1,-1,-1,-1,-1,-1,-1,81,-1,-1,-1,-1,-1,96,97,98,-1,-1,-1,-1,65,-1,-1,-1,-1,-1,-1,-1,-1,-1,-1,-1,-1,-1,-1,1,1,-1,-1,-1,1,1,1,-1,-1,-1,-1,112,113,114,-1,-1,-1,-1,65,-1,-1,-1,-1,-1,-1,-1,96,97,98,-1,-1
-1,-1,65,-1,96,97,98,-1,-1,-1,-1,-1,-1,-1,-1,1,1,-1,-1,-1,1,1,-1,-1,-1,-1,-1,-1,-1,-1,-1,-1,-1,-1,112,113,114,-1,-1,-1,-1,65,-1,-1,-1,-1,-1,-1,-1,96,97,98,-1,-1,-1,-1,-1,-1,-1,96,97,98,-1,-1,-1,-1,112,113,114,-1,-1,-1,-1,81,-1,-1,-1,-1,-1,-1,-1,-1,-1,-1,-1,-1,-1,-1,1,-1,-1,-1,-1,-1,-1,1,1,1,-1,-1,-1,-1,-1,-1,-1,-1,-1,81,-1,-1,-1,-1,-1,-1,-1,112,113,114,-1,-1
-1,-1,81,-1,112,113,114,-1,-1,-1,-1,-1,1,1,1,1,-1,-1,-1,-1,-1,1,-1,-1,-1,-1,-1,-1,-1,-1,-1,-1,-1,-1,-1,-1,-1,-1,-1,-1,-1,81,-1,-1,-1,-1,-1,-1,-1,112,113,114,-1,-1,-1,-1,-1,-1,-1,112,113,114,-1,65,-1,-1,-1,-1,-1,-1,-1,-1,96,97,98,-1,-1,-1,-1,-1,-1,-1,-1,-1,-1,-1,-1,-1,-1,1,1,1,-1,-1,-1,-1,-1,-1,1,1,-1,-1,-1,-1,-1,-1,96,97,98,-1,-1,-1,65,-1,-1,-1,-1,-1,-1,-1
-1,96,97,98,-1,-1,-1,-1,-1,-1,1,1,1,-1,-1,-1,-1,-1,-1,-1,-1,1,-1,-1,-1,-1,-1,-1,-1,-1,-1,-1,-1,-1,-1,-1,-1,-1,-1,-1,96,97,98,-1,-1,-1,-1,65,-1,-1,-1,-1,-1,-1,-1,-1,-1,-1,-1,-1,-1,-1,-1,81,-1,-1,-1,-1,-1,-1,-1,-1,112,113,114,-1,-1,-1,-1,-1,-1,-1,-1,-1,-1,-1,-1,-1,-1,-1,-1,1,1,-1,-1,-1,-1,-1,-1,1,-1,-1,-1,-1,-1,-1,112,113,114,-1,-1,-1,81,-1,-1,-1,-1,-1,-1,-1
-1,112,113,114,-1,-1,-1,-1,-1,1,1,-1,-1,-1,-1,-1,-1,-1,-1,1,1,-1,-1,-1,-1,-1,-1,-1,-1,-1,-1,-1,-1,-1,-1,-1,-1,-1,-1,-1,112,113,114,-1,-1,-1,-1,81,-1,-1,-1,-1,-1,-1,-1,-1,-1,-1,-1,-1,-1,-1,96,97,98,-1,-1,-1,-1,-1,-1,-1,-1,-1,-1,-1,-1,-1,-1,-1,-1,-1,-1,-1,-1,-1,-1,-1,-1,-1,-1,-1,1,1,-1,-1,-1,-1,-1,1,1,-1,-1,-1,-1,-1,-1,-1,-1,-1,-1,96,97,98,-1,-1,-1,-1,-1,-1
-1,-1,-1,-1,-1,-1,-1,1,1,1,-1,-1,-1,-1,-1,-1,-1,1,1,-1,-1,81,-1,-1,-1,-1,-1,-1,-1,-1,-1,-1,-1,-1,-1,-1,-1,-1,-1,-1,-1,-1,-1,-1,-1,-1,96,97,98,-1,-1,-1,65,-1,-1,-1,-1,-1,-1,-1,-1,-1,112,113,114,-1,-1,-1,-1,-1,-1,-1,-1,-1,-1,-1,-1,-1,-1,-1,-1,-1,-1,-1,-1,-1,-1,-1,-1,-1,-1,-1,-1,1,1,-1,-1,-1,-1,-1,1,1,1,-1,-1,-1,-1,-1,-1,-1,-1,112,113,114,-1,-1,-1,-1,65,-1
-1,-1,-1,-1,-1,1,1,1,-1,-1,-1,-1,-1,-1,-1,1,1,1,-1,-1,-1,-1,-1,-1,-1,-1,-1,-1,-1,-1,-1,-1,-1,-1,-1,-1,-1,-1,-1,-1,-1,-1,-1,-1,-1,-1,112,113,114,-1,-1,-1,81,-1,-1,-1,-1,-1,-1,-1,-1,-1,65,-1,-1,-1,-1,-1,-1,-1,-1,-1,-1,-1,-1,-1,-1,-1,-1,-1,-1,-1,-1,-1,-1,-1,-1,112,-1,-1,-1,-1,-1,-1,1,1,1,1,-1,-1,-1,-1,1,1,1,1,1,1,-1,-1,-1,-1,-1,-1,-1,-1,-1,-1,81,-1
-1,-1,-1,-1,1,1,-1,-1,-1,-1,-1,-1,-1,-1,1,1,-1,-1,-1,-1,-1,-1,114,-1,-1,-1,-1,-1,-1,-1,-1,-1,-1,-1,-1,-1,-1,-1,-1,-1,-1,-1,-1,-1,-1,-1,-1,-1,-1,-1,-1,96,97,98,-1,-1,-1,-1,-1,-1,-1,-1,81,-1,-1,-1,-1,-1,-1,-1,-1,-1,-1,-1,-1,-1,-1,-1,-1,-1,-1,-1,-1,65,-1,-1,-1,-1,-1,-1,-1,-1,-1,-1,-1,-1,-1,1,1,-1,-1,-1,-1,-1,-1,-1,-1,1,-1,-1,-1,-1,-1,-1,-1,-1,-1,-1,97,98
-1,-1,1,1,1,-1,-1,-1,-1,-1,-1,-1,-1,-1,1,-1,-1,-1,-1,-1,-1,-1,-1,-1,-1,-1,-1,-1,65,-1,-1,-1,-1,-1,-1,-1,-1,-1,-1,-1,-1,-1,-1,-1,-1,-1,65,-1,-1,-1,-1,112,113,114,-1,-1,-1,-1,-1,-1,-1,96,97,98,-1,-1,-1,-1,-1,-1,-1,-1,-1,-1,-1,-1,-1,-1,-1,-1,-1,-1,-1,81,-1,-1,-1,-1,-1,-1,-1,-1,-1,-1,-1,-1,-1,-1,1,1,-1,-1,-1,-1,-1,-1,-1,1,1,-1,-1,-1,-1,-1,-1,-1,-1,-1,113,114
1,1,1,-1,-1,-1,-1,-1,-1,-1,-1,-1,1,1,1,-1,-1,-1,65,-1,-1,-1,-1,-1,65,-1,-1,-1,81,-1,-1,-1,-1,-1,-1,-1,-1,-1,-1,-1,-1,-1,-1,-1,-1,-1,81,-1,-1,-1,-1,-1,-1,-1,-1,-1,-1,-1,-1,-1,-1,112,113,114,-1,-1,-1,-1,-1,-1,-1,-1,-1,-1,-1,-1,-1,-1,-1,-1,-1,-1,-1,-1,-1,-1,-1,-1,-1,-1,-1,81,-1,-1,-1,-1,-1,-1,-1,1,1,1,-1,-1,-1,-1,-1,-1,-1,1,1,1,1,-1,-1,-1,-1,-1,-1,-1
1,-1,-1,-1,-1,-1,-1,-1,-1,-1,1,1,1,-1,-1,-1,-1,-1,81,-1,-1,-1,-1,-1,81,-1,-1,96,97,98,-1,-1,-1,-1,-1,-1,-1,-1,-1,-1,-1,-1,-1,-1,-1,96,97,98,-1,-1,-1,-1,-1,-1,-1,-1,-1,-1,-1,-1,-1,-1,-1,-1,-1,-1,-1,-1,-1,-1,-1,-1,-1,-1,-1,-1,-1,-1,-1,-1,65,-1,112,113,114,-1,-1,-1,65,-1,96,97,98,-1,-1,-1,-1,-1,-1,-1,-1,1,1,1,-1,-1,-1,-1,-1,-1,-1,-1,1,-1,-1,-1,-1,-1,-1,-1
-1,-1,-1,-1,-1,-1,-1,-1,1,1,1,-1,-1,-1,-1,-1,-1,96,97,98,-1,-1,-1,96,97,98,-1,112,113,114,-1,-1,-1,-1,65,-1,-1,-1,-1,-1,-1,-1,-1,-1,-1,112,113,114,-1,-1,-1,-1,-1,-1,-1,-1,-1,-1,-1,-1,-1,-1,-1,-1,-1,-1,-1,-1,-1,-1,-1,-1,-1,-1,-1,-1,-1,-1,-1,-1,81,-1,-1,-1,-1,-1,-1,-1,81,-1,112,113,114,-1,112,113,114,-1,-1,81,-1,-1,-1,1,1,1,-1,-1,-1,-1,-1,-1,1,1,1,1,-1,-1,-1,-1
-1,-1,-1,-1,-1,-1,-1,1,1,-1,-1,-1,97,98,-1,-1,-1,112,113,114,-1,-1,-1,112,113,114,-1,-1,-1,-1,-1,-1,-1,-1,81,-1,-1,-1,-1,-1,-1,-1,-1,-1,-1,-1,-1,-1,-1,-1,-1,-1,-1,-1,-1,-1,-1,-1,-1,-1,-1,-1,-1,-1,-1,-1,-1,-1,-1,-1,-1,-1,-1,-1,-1,-1,65,-1,-1,96,97,98,-1,-1,-1,-1,-1,96,97,98,-1,-1,-1,-1,-1,-1,-1,-1,96,97,-1,-1,-1,-1,-1,1,1,1,1,1,1,-1,-1,-1,-1,1,1,1,-1,-1
-1,-1,-1,-1,-1,-1,1,1,-1,-1,-1,112,113,114,-1,-1,-1,-1,-1,-1,-1,65,-1,-1,-1,-1,-1,-1,-1,-1,-1,-1,-1,96,97,98,-1,-1,-1,-1,-1,-1,-1,-1,-1,-1,-1,-1,-1,-1,-1,-1,-1,-1,-1,-1,-1,-1,-1,-1,-1,-1,-1,-1,-1,-1,-1,-1,-1,-1,-1,-1,-1,-1,-1,-1,81,-1,-1,112,113,114,-1,-1,65,-1,-1,112,113,114,-1,-1,65,-1,-1,-1,-1,-1,112,113,-1,-1,-1,-1,-1,-1,-1,-1,-1,-1,1,1,1,-1,-1,-1,-1,-1,1,1
-1,-1,-1,-1,1,1,-1,-1,-1,-1,-1,-1,-1,-1,-1,-1,-1,-1,-1,-1,-1,81,-1,-1,-1,-1,-1,-1,65,-1,-1,-1,-1,112,113,114,-1,-1,-1,-1,65,-1,-1,-1,-1,-1,-1,-1,-1,-1,-1,-1,-1,-1,-1,-1,-1,-1,-1,-1,-1,-1,-1,-1,-1,-1,-1,-1,-1,65,-1,-1,-1,-1,-1,96,97,98,-1,-1,-1,-1,-1,-1,81,-1,-1,-1,-1,-1,-1,-1,81,-1,-1,-1,-1,-1,-1,-1,-1,-1,-1,81,-1,-1,-1,-1,-1,81,-1,-1,-1,1,1,1,-1,-1,1,1
-1,-1,-1,1,1,-1,-1,-1,-1,-1,-1,-1,-1,-1,-1,65,-1,-1,-1,-1,96,97,98,-1,-1,-1,-1,-1,81,-1,-1,-1,-1,-1,-1,-1,-1,-1,-1,-1,81,-1,-1,-1,-1,-1,-1,-1,-1,-1,-1,-1,-1,-1,-1,-1,-1,-1,-1,-1,-1,-1,-1,-1,-1,-1,-1,-1,-1,81,-1,-1,-1,-1,-1,112,113,114,-1,-1,-1,-1,-1,96,97,98,-1,-1,-1,-1,-1,96,97,98,-1,-1,-1,65,-1,-1,-1,-1,96,-1,-1,-1,-1,-1,-1,-1,-1,-1,-1,-1,-1,1,1,-1,-1,-1
