-1,-1,-1,-1,-1,32,-1,-1,-1,-1,-1,-1,17,17,17,17,18,-1,-1,-1,-1,-1,-1,-1,-1,16,6,8,-1,-1,-1,-1,-1,-1,-1,-1,-1,8,-1,-1,-1,-1,-1,34,-1,-1,-1,16,17,17,17,18,-1,-1,-1,-1,-1,-1,-1,-1,-1,-1,-1,-1,-1,-1,-1,-1,-1,-1,-1,-1,-1,-1,-1,-1,-1,-1,-1,-1,-1,-1,32,-1,-1,-1,-1,-1,-1,-1,-1,-1,-1,34,-1,32,-1,-1,-1,-1,-1,-1,-1,-1,-1,8,-1,-1,-1,-1,-1,-1,-1,8,-1,-1,-1,-1,-1,-1
-1,-1,-1,-1,-1,32,-1,-1,-1,-1,-1,-1,-1,8,-1,8,5,18,-1,-1,-1,-1,-1,-1,-1,32,-1,-1,8,-1,-1,-1,-1,-1,8,-1,-1,-1,-1,-1,-1,-1,-1,34,-1,-1,-1,6,-1,-1,8,5,18,-1,-1,-1,-1,-1,-1,-1,-1,-1,-1,-1,-1,-1,-1,16,17,17,17,17,17,18,-1,-1,-1,-1,-1,-1,-1,-1,32,-1,-1,-1,-1,-1,-1,8,-1,-1,-1,34,-1,32,-1,-1,-1,-1,-1,-1,-1,-1,-1,-1,8,-1,-1,-1,-1,-1,-1,-1,-1,-1,-1,-1,-1,-1
-1,-1,-1,-1,-1,32,-1,-1,-1,-1,-1,-1,-1,-1,-1,-1,-1,7,7,7,7,7,7,7,7,7,-1,-1,-1,-1,-1,-1,-1,-1,-1,-1,-1,-1,-1,-1,-1,-1,7,7,7,7,7,-1,-1,-1,-1,-1,34,-1,-1,-1,-1,-1,-1,-1,-1,-1,-1,-1,-1,-1,-1,32,-1,8,-1,-1,-1,5,17,18,-1,-1,-1,-1,-1,16,6,-1,-1,-1,-1,-1,-1,-1,-1,-1,-1,34,-1,48,4,-1,-1,-1,-1,-1,-1,-1,-1,-1,-1,-1,-1,-1,-1,-1,-1,-1,-1,-1,-1,-1,8,-1
-1,-1,-1,-1,-1,32,-1,-1,-1,-1,-1,-1,-1,-1,-1,-1,-1,7,7,7,7,7,7,7,7,7,-1,-1,-1,-1,-1,-1,-1,-1,-1,-1,-1,-1,-1,-1,-1,-1,7,7,7,7,7,-1,-1,-1,-1,8,34,-1,-1,-1,-1,-1,-1,-1,-1,-1,-1,-1,-1,-1,16,6,-1,-1,-1,-1,-1,-1,-1,5,18,-1,-1,-1,-1,32,8,-1,8,-1,-1,-1,-1,-1,-1,-1,-1,34,-1,-1,48,4,-1,-1,-1,-1,-1,-1,-1,-1,-1,-1,-1,-1,-1,-1,-1,-1,-1,-1,-1,-1,-1,-1
-1,-1,-1,-1,-1,32,-1,-1,-1,-1,-1,-1,-1,-1,-1,-1,-1,34,-1,-1,-1,-1,-1,-1,-1,32,-1,-1,-1,-1,-1,-1,-1,-1,-1,3,4,-1,-1,8,-1,-1,34,-1,-1,-1,32,-1,-1,-1,-1,-1,5,17,17,17,17,17,17,18,-1,-1,-1,-1,-1,-1,32,-1,8,-1,-1,-1,-1,-1,-1,-1,7,7,7,7,7,7,-1,-1,-1,-1,-1,-1,-1,-1,-1,8,-1,34,-1,-1,-1,48,49,49,49,49,49,7,7,49,49,49,49,4,-1,-1,-1,-1,-1,-1,-1,-1,-1,-1
-1,-1,-1,-1,-1,32,-1,-1,-1,-1,-1,-1,-1,-1,-1,-1,-1,34,-1,-1,-1,-1,-1,-1,-1,48,4,8,8,-1,-1,-1,-1,-1,3,50,48,49,49,49,49,49,50,-1,-1,-1,48,4,-1,-1,-1,-1,-1,-1,-1,-1,-1,-1,-1,7,7,7,7,7,7,7,7,-1,-1,-1,-1,-1,-1,-1,-1,-1,7,7,7,7,7,7,-1,-1,-1,-1,-1,3,7,7,8,-1,-1,34,-1,-1,-1,-1,-1,-1,-1,-1,-1,7,7,-1,-1,-1,-1,48,49,49,49,4,-1,-1,-1,-1,-1,-1
-1,-1,-1,-1,-1,32,-1,-1,-1,-1,-1,8,-1,-1,-1,-1,-1,34,-1,-1,-1,-1,-1,-1,-1,-1,48,49,4,-1,-1,-1,3,49,50,-1,-1,-1,-1,-1,-1,-1,-1,-1,-1,-1,-1,32,8,-1,-1,-1,-1,-1,-1,-1,-1,-1,-1,7,7,7,7,7,7,7,7,7,-1,-1,-1,-1,-1,-1,-1,-1,-1,34,-1,-1,-1,48,4,-1,-1,-1,-1,34,7,7,49,49,49,50,-1,-1,-1,-1,-1,-1,-1,-1,-1,7,7,-1,-1,-1,-1,-1,-1,-1,-1,32,8,-1,-1,-1,-1,-1
-1,-1,-1,-1,-1,48,4,-1,-1,-1,-1,8,3,4,-1,-1,3,50,-1,-1,-1,-1,-1,-1,-1,-1,-1,-1,48,49,49,49,50,-1,-1,-1,-1,-1,-1,-1,-1,-1,-1,-1,-1,-1,-1,48,4,-1,-1,-1,-1,-1,-1,-1,-1,8,3,50,-1,-1,-1,-1,-1,-1,-1,48,4,-1,-1,-1,-1,-1,-1,-1,-1,34,-1,-1,-1,-1,48,4,-1,-1,3,50,7,7,-1,-1,-1,-1,-1,-1,-1,-1,-1,-1,16,17,17,7,7,17,18,-1,-1,-1,-1,-1,-1,48,4,8,-1,-1,-1,-1
17,17,17,17,18,-1,48,49,4,-1,-1,3,50,48,7,7,50,-1,-1,-1,-1,-1,-1,-1,-1,-1,-1,-1,-1,-1,-1,-1,-1,-1,-1,-1,-1,-1,-1,-1,-1,-1,-1,-1,-1,-1,-1,-1,48,4,-1,-1,-1,-1,-1,-1,8,3,50,-1,-1,-1,-1,-1,-1,-1,-1,-1,48,4,-1,-1,-1,-1,-1,-1,-1,34,-1,-1,-1,-1,-1,48,49,49,50,-1,7,7,-1,-1,-1,-1,-1,-1,-1,-1,-1,-1,32,-1,-1,-1,-1,-1,5,17,17,18,-1,-1,-1,-1,32,-1,-1,-1,-1,8
-1,-1,-1,-1,5,17,17,18,48,49,49,50,-1,-1,7,7,-1,-1,-1,-1,-1,-1,-1,-1,-1,-1,-1,-1,-1,-1,-1,-1,-1,-1,-1,-1,-1,-1,-1,-1,-1,-1,-1,-1,-1,-1,-1,-1,-1,48,4,-1,-1,-1,-1,-1,3,50,-1,-1,-1,-1,-1,-1,-1,-1,-1,-1,16,6,-1,-1,-1,-1,-1,-1,-1,34,-1,-1,-1,-1,-1,-1,-1,-1,-1,-1,7,7,-1,-1,-1,-1,-1,-1,-1,-1,-1,-1,32,-1,-1,-1,-1,-1,8,-1,-1,5,18,-1,-1,-1,48,4,-1,-1,-1,-1
-1,-1,-1,-1,-1,-1,-1,5,17,18,-1,-1,-1,-1,7,7,-1,-1,-1,-1,-1,-1,-1,-1,-1,-1,-1,-1,-1,-1,-1,-1,-1,-1,-1,-1,-1,-1,-1,-1,-1,-1,-1,-1,-1,-1,-1,-1,-1,-1,32,-1,-1,-1,-1,-1,34,-1,-1,-1,-1,-1,-1,-1,-1,-1,-1,-1,32,-1,-1,-1,-1,-1,-1,-1,-1,34,-1,-1,-1,-1,-1,-1,-1,-1,-1,-1,7,7,-1,-1,-1,-1,-1,-1,-1,-1,-1,-1,32,-1,-1,-1,-1,-1,8,-1,-1,-1,5,18,-1,-1,-1,48,7,-1,-1,-1
-1,-1,-1,-1,-1,-1,-1,-1,-1,5,18,-1,-1,-1,7,7,-1,-1,-1,-1,-1,-1,-1,-1,-1,-1,-1,-1,-1,-1,-1,-1,-1,-1,-1,-1,-1,-1,-1,-1,-1,-1,-1,-1,-1,-1,-1,-1,-1,-1,32,8,8,-1,-1,-1,34,-1,-1,-1,-1,-1,-1,-1,-1,-1,-1,-1,48,4,-1,-1,-1,-1,-1,8,3,50,-1,-1,-1,-1,-1,-1,-1,-1,-1,-1,7,7,-1,-1,-1,-1,-1,-1,-1,-1,-1,-1,32,-1,-1,-1,-1,-1,-1,-1,-1,-1,-1,34,-1,-1,-1,-1,7,7,-1,-1
-1,-1,-1,-1,-1,-1,-1,-1,-1,-1,5,18,-1,-1,7,7,-1,-1,-1,-1,-1,-1,-1,-1,-1,-1,-1,-1,-1,-1,-1,-1,-1,-1,-1,-1,-1,-1,16,17,17,17,17,17,17,17,18,-1,-1,-1,48,49,49,7,7,49,50,-1,-1,-1,-1,-1,-1,-1,-1,-1,-1,-1,-1,48,49,4,-1,-1,-1,8,34,-1,-1,-1,-1,-1,-1,-1,-1,-1,-1,-1,7,7,-1,-1,-1,-1,-1,-1,-1,-1,-1,16,6,8,-1,-1,-1,-1,-1,-1,-1,-1,-1,34,-1,-1,-1,-1,7,7,4,-1
-1,-1,-1,-1,-1,-1,-1,-1,-1,-1,-1,5,18,-1,7,7,-1,-1,-1,-1,16,17,17,17,17,17,18,-1,-1,-1,-1,-1,-1,-1,-1,-1,-1,-1,32,-1,-1,-1,-1,-1,-1,8,34,-1,-1,-1,-1,-1,-1,7,7,-1,-1,-1,-1,-1,-1,-1,-1,-1,-1,-1,-1,-1,-1,-1,-1,48,49,49,49,49,50,-1,-1,-1,-1,-1,-1,-1,-1,-1,16,17,7,7,17,18,-1,-1,-1,-1,-1,-1,-1,32,8,-1,-1,-1,-1,-1,-1,-1,-1,-1,-1,34,-1,-1,-1,-1,7,7,48,49
-1,-1,-1,-1,-1,-1,-1,-1,-1,-1,-1,-1,5,18,7,7,7,7,7,7,7,-1,-1,-1,-1,8,5,18,-1,-1,-1,-1,-1,-1,-1,-1,-1,-1,32,8,-1,-1,-1,-1,8,-1,34,-1,-1,-1,-1,-1,-1,7,7,-1,-1,-1,-1,-1,-1,-1,-1,-1,-1,-1,-1,-1,-1,-1,-1,-1,-1,-1,-1,-1,-1,-1,-1,-1,-1,-1,-1,-1,-1,-1,32,8,35,37,-1,5,18,-1,-1,-1,-1,-1,-1,32,-1,-1,-1,-1,-1,-1,-1,3,49,49,49,50,-1,-1,-1,-1,7,7,-1,-1
-1,-1,-1,-1,-1,-1,-1,-1,-1,-1,-1,-1,-1,5,7,7,7,7,7,7,7,-1,-1,-1,-1,-1,-1,7,7,7,7,7,7,7,7,7,7,7,7,-1,-1,-1,-1,-1,-1,-1,34,-1,-1,-1,-1,-1,-1,7,7,-1,-1,-1,-1,-1,-1,-1,-1,-1,-1,-1,-1,-1,-1,-1,-1,-1,-1,-1,-1,-1,-1,-1,-1,-1,-1,-1,-1,-1,-1,-1,32,-1,35,36,21,-1,5,17,18,-1,-1,-1,-1,32,-1,-1,-1,-1,-1,-1,8,34,-1,-1,-1,-1,-1,-1,-1,-1,7,7,-1,-1
-1,-1,-1,-1,-1,-1,-1,-1,-1,-1,-1,-1,-1,-1,34,-1,-1,-1,-1,-1,32,8,-1,-1,-1,-1,-1,7,7,7,7,7,7,7,7,7,7,7,7,7,-1,-1,-1,-1,-1,3,50,-1,-1,-1,-1,-1,16,7,7,18,-1,-1,-1,-1,-1,-1,-1,-1,-1,-1,-1,-1,-1,-1,-1,-1,-1,-1,-1,-1,-1,-1,-1,-1,-1,-1,-1,-1,-1,-1,32,-1,35,36,37,-1,-1,-1,34,-1,-1,-1,-1,48,49,4,-1,-1,-1,8,-1,34,-1,-1,-1,-1,-1,-1,-1,-1,7,7,-1,-1
-1,-1,-1,-1,-1,-1,-1,-1,-1,-1,-1,-1,-1,-1,34,-1,-1,-1,-1,-1,32,-1,-1,-1,-1,-1,-1,34,-1,-1,-1,-1,-1,-1,-1,-1,-1,16,17,6,-1,-1,-1,-1,-1,34,-1,-1,-1,-1,-1,-1,32,-1,-1,5,18,-1,-1,-1,-1,-1,-1,-1,-1,-1,-1,-1,-1,-1,-1,-1,-1,-1,-1,-1,-1,-1,-1,-1,-1,-1,-1,-1,-1,-1,32,-1,35,36,37,-1,-1,-1,5,17,18,-1,-1,-1,-1,48,49,49,49,49,49,50,-1,-1,-1,-1,-1,-1,-1,-1,7,7,-1,-1
-1,-1,-1,-1,-1,-1,-1,-1,-1,-1,-1,-1,-1,-1,34,-1,-1,-1,16,17,6,-1,-1,-1,-1,8,34,-1,-1,-1,-1,-1,-1,-1,-1,-1,-1,32,-1,8,-1,-1,-1,-1,-1,34,-1,-1,-1,-1,-1,-1,32,-1,-1,8,34,-1,-1,-1,-1,-1,-1,-1,-1,-1,-1,-1,-1,-1,-1,-1,-1,-1,-1,-1,-1,-1,-1,-1,-1,-1,-1,-1,-1,16,6,35,36,36,53,-1,-1,-1,8,-1,5,17,17,18,-1,-1,-1,-1,-1,-1,-1,-1,-1,-1,-1,-1,-1,-1,-1,16,7,7,17,18
-1,-1,-1,-1,-1,-1,-1,-1,-1,-1,-1,-1,3,49,50,-1,-1,-1,32,8,-1,-1,-1,-1,-1,-1,-1,5,17,18,-1,-1,-1,-1,-1,-1,-1,32,8,-1,-1,-1,-1,-1,-1,34,-1,-1,-1,-1,-1,-1,32,-1,-1,-1,34,-1,-1,-1,-1,-1,-1,-1,-1,-1,-1,-1,-1,-1,-1,-1,-1,-1,-1,-1,-1,-1,-1,-1,-1,-1,-1,-1,-1,32,8,35,36,53,-1,-1,-1,-1,-1,-1,-1,-1,-1,5,17,18,-1,-1,-1,-1,-1,-1,-1,-1,-1,-1,-1,-1,-1,32,-1,-1,8,5
-1,-1,-1,-1,-1,-1,-1,-1,-1,-1,-1,3,50,-1,-1,-1,-1,-1,32,-1,-1,-1,-1,-1,-1,-1,-1,-1,-1,34,-1,-1,-1,-1,-1,-1,-1,32,-1,-1,-1,-1,-1,3,49,50,-1,-1,-1,-1,-1,-1,32,-1,-1,8,34,-1,-1,-1,-1,-1,-1,-1,-1,-1,-1,-1,-1,-1,-1,-1,-1,-1,-1,-1,-1,-1,-1,-1,-1,-1,-1,-1,16,6,-1,35,36,21,-1,-1,-1,-1,-1,-1,-1,-1,-1,-1,-1,34,-1,-1,-1,-1,-1,-1,-1,-1,-1,-1,-1,-1,-1,32,-1,-1,-1,-1
-1,-1,-1,-1,-1,-1,-1,-1,-1,-1,-1,34,-1,-1,-1,-1,-1,-1,32,-1,-1,-1,-1,-1,-1,-1,-1,-1,-1,34,-1,-1,-1,-1,-1,-1,-1,48,7,7,49,49,49,50,-1,-1,-1,-1,-1,-1,-1,16,6,-1,-1,-1,34,-1,-1,-1,-1,-1,-1,-1,-1,-1,-1,-1,-1,-1,-1,-1,-1,-1,-1,-1,-1,-1,-1,-1,-1,-1,16,17,6,-1,-1,51,36,37,-1,-1,-1,-1,-1,-1,-1,-1,-1,-1,-1,34,-1,-1,-1,-1,-1,-1,-1,-1,-1,-1,-1,-1,-1,32,-1,-1,-1,-1
-1,-1,-1,-1,-1,-1,-1,-1,-1,-1,-1,34,-1,-1,-1,-1,-1,-1,32,8,-1,-1,-1,-1,-1,-1,-1,3,49,50,-1,-1,-1,-1,-1,-1,-1,-1,7,7,-1,-1,-1,-1,-1,-1,-1,-1,-1,-1,-1,32,8,-1,-1,-1,34,-1,-1,-1,-1,-1,-1,-1,-1,16,17,17,18,-1,-1,-1,-1,-1,-1,-1,-1,-1,-1,-1,-1,-1,32,-1,-1,-1,-1,-1,51,37,-1,-1,-1,-1,-1,-1,-1,-1,-1,-1,-1,34,-1,-1,-1,-1,-1,-1,-1,-1,-1,16,17,17,17,6,-1,-1,-1,-1
-1,-1,-1,-1,-1,-1,-1,-1,-1,-1,-1,34,-1,-1,-1,-1,-1,-1,48,4,-1,-1,-1,-1,-1,-1,3,50,-1,-1,-1,-1,-1,-1,-1,-1,-1,-1,7,7,-1,-1,-1,-1,-1,-1,-1,-1,-1,-1,-1,32,8,8,-1,-1,34,-1,-1,-1,-1,16,17,17,17,6,-1,-1,34,-1,-1,-1,-1,-1,-1,-1,-1,-1,-1,-1,-1,-1,32,-1,-1,-1,-1,-1,19,37,-1,-1,-1,-1,-1,-1,-1,-1,-1,-1,-1,34,-1,-1,-1,-1,-1,-1,-1,-1,16,6,-1,-1,-1,8,-1,-1,-1,-1
-1,-1,-1,-1,-1,-1,-1,-1,-1,-1,-1,34,-1,-1,-1,-1,-1,-1,-1,48,49,4,-1,-1,-1,-1,34,-1,-1,-1,-1,-1,-1,-1,-1,-1,-1,-1,7,7,-1,-1,-1,-1,-1,-1,-1,-1,-1,-1,-1,48,49,4,-1,-1,7,7,7,7,7,7,-1,-1,8,-1,-1,-1,34,-1,-1,-1,-1,-1,-1,16,17,18,-1,-1,-1,-1,32,-1,-1,-1,-1,-1,35,37,-1,-1,-1,-1,-1,-1,-1,-1,-1,-1,-1,34,-1,-1,-1,-1,-1,-1,-1,-1,32,-1,-1,-1,-1,-1,-1,-1,-1,-1
-1,-1,-1,-1,-1,-1,-1,-1,-1,-1,-1,5,18,-1,-1,-1,-1,-1,-1,-1,-1,32,8,-1,-1,-1,34,-1,-1,-1,-1,-1,-1,-1,-1,-1,-1,-1,7,7,-1,-1,-1,-1,-1,-1,-1,-1,-1,-1,-1,-1,-1,32,-1,-1,7,7,7,-1,-1,-1,-1,-1,-1,-1,-1,-1,34,-1,-1,-1,-1,-1,-1,32,8,34,-1,-1,-1,-1,32,-1,-1,-1,-1,-1,35,37,-1,-1,-1,-1,-1,-1,-1,-1,-1,-1,-1,34,-1,-1,-1,-1,-1,-1,-1,-1,32,-1,-1,-1,-1,-1,-1,-1,-1,-1
-1,-1,-1,-1,-1,-1,-1,-1,-1,-1,-1,-1,34,-1,-1,-1,-1,-1,-1,-1,-1,48,49,49,49,49,50,-1,-1,-1,-1,-1,-1,-1,-1,-1,-1,-1,7,7,-1,-1,-1,-1,-1,-1,-1,-1,-1,-1,-1,-1,-1,48,49,49,50,16,6,-1,-1,-1,-1,-1,-1,-1,-1,-1,34,-1,-1,-1,-1,-1,-1,32,-1,5,18,-1,-1,-1,32,-1,-1,-1,-1,-1,35,37,-1,-1,-1,-1,-1,-1,-1,-1,-1,-1,-1,34,-1,-1,-1,-1,-1,-1,-1,-1,48,4,-1,8,-1,-1,-1,-1,-1,-1
-1,-1,-1,-1,-1,-1,-1,-1,-1,-1,-1,-1,34,-1,-1,-1,-1,-1,-1,-1,-1,-1,-1,-1,-1,-1,-1,-1,-1,-1,-1,-1,-1,-1,-1,-1,-1,16,7,7,17,18,-1,-1,-1,-1,-1,-1,-1,-1,-1,-1,-1,-1,-1,-1,-1,32,-1,-1,-1,-1,-1,-1,-1,-1,-1,-1,34,-1,-1,-1,-1,-1,-1,32,-1,-1,5,17,18,-1,48,4,-1,-1,-1,-1,51,37,-1,-1,-1,-1,-1,-1,-1,-1,-1,-1,-1,34,-1,-1,-1,-1,-1,-1,-1,-1,-1,-1,32,-1,-1,-1,-1,-1,-1,-1
-1,-1,-1,-1,-1,-1,-1,-1,-1,-1,-1,-1,5,18,-1,-1,-1,-1,-1,-1,-1,-1,-1,-1,-1,-1,-1,-1,-1,-1,-1,-1,-1,-1,-1,-1,16,6,-1,-1,-1,5,18,-1,-1,-1,-1,-1,-1,-1,-1,-1,-1,-1,-1,-1,-1,32,-1,-1,-1,-1,-1,-1,-1,-1,-1,-1,34,-1,-1,-1,-1,-1,-1,32,-1,-1,-1,-1,5,18,-1,48,4,-1,-1,-1,-1,51,21,19,20,21,-1,-1,-1,-1,-1,-1,-1,5,18,-1,-1,-1,-1,-1,-1,16,17,6,-1,-1,-1,-1,-1,-1,-1,-1
-1,-1,-1,-1,-1,-1,-1,-1,-1,-1,-1,-1,-1,34,-1,-1,-1,-1,-1,-1,-1,-1,-1,-1,-1,-1,-1,-1,-1,-1,-1,-1,-1,-1,-1,-1,32,8,-1,-1,-1,-1,5,17,18,-1,-1,-1,-1,-1,-1,-1,-1,-1,-1,-1,-1,32,-1,-1,-1,-1,-1,-1,-1,-1,8,3,50,-1,-1,-1,-1,16,17,6,-1,-1,-1,-1,-1,34,-1,-1,48,4,-1,-1,-1,-1,51,52,52,36,21,-1,-1,-1,-1,-1,-1,8,34,-1,-1,-1,-1,-1,-1,32,-1,-1,-1,-1,-1,-1,-1,-1,-1,-1
-1,-1,-1,-1,-1,-1,-1,-1,-1,-1,-1,-1,-1,5,18,-1,-1,-1,-1,-1,-1,-1,-1,-1,-1,-1,-1,-1,-1,-1,-1,-1,-1,-1,-1,-1,32,8,-1,-1,-1,-1,8,-1,34,-1,-1,-1,-1,-1,-1,-1,-1,-1,-1,-1,16,6,-1,-1,-1,-1,-1,-1,-1,-1,7,7,7,7,7,7,7,7,-1,-1,-1,-1,-1,-1,-1,34,-1,-1,-1,48,49,49,49,49,49,4,-1,35,37,-1,-1,-1,-1,-1,-1,-1,34,-1,-1,-1,-1,-1,-1,32,8,-1,-1,-1,-1,-1,-1,-1,-1,-1
-1,-1,-1,-1,-1,-1,-1,-1,-1,-1,-1,-1,-1,-1,5,18,-1,-1,-1,-1,-1,-1,-1,-1,-1,-1,-1,-1,-1,-1,-1,-1,-1,-1,16,17,6,-1,-1,-1,-1,-1,-1,-1,34,-1,-1,-1,-1,-1,-1,-1,-1,-1,16,17,6,-1,-1,-1,-1,-1,-1,-1,-1,-1,7,7,7,7,7,7,7,7,-1,-1,-1,-1,-1,-1,8,34,-1,-1,-1,-1,-1,-1,-1,-1,-1,32,-1,35,37,-1,-1,-1,19,20,20,20,7,7,7,7,7,7,7,7,-1,-1,-1,-1,-1,-1,-1,-1,-1,8
-1,-1,-1,-1,-1,-1,-1,-1,-1,-1,-1,-1,-1,-1,-1,5,18,-1,-1,-1,-1,-1,-1,-1,-1,-1,-1,-1,-1,-1,-1,-1,-1,-1,32,-1,8,-1,-1,-1,-1,-1,-1,3,50,-1,-1,-1,-1,-1,-1,-1,-1,-1,32,-1,-1,-1,-1,-1,-1,-1,-1,-1,-1,-1,34,-1,-1,-1,-1,-1,-1,48,49,4,8,-1,-1,-1,3,50,-1,-1,-1,-1,-1,-1,-1,-1,-1,32,-1,35,37,-1,-1,-1,35,36,52,52,7,7,7,7,7,7,7,7,7,-1,8,-1,-1,-1,-1,-1,8,-1
-1,-1,-1,-1,-1,-1,-1,-1,-1,-1,-1,-1,-1,-1,-1,-1,34,-1,-1,-1,-1,-1,-1,-1,-1,-1,-1,-1,-1,-1,-1,-1,-1,-1,32,-1,-1,-1,-1,-1,-1,-1,-1,34,-1,-1,-1,-1,-1,-1,-1,-1,-1,-1,48,49,4,-1,-1,-1,-1,-1,-1,-1,-1,-1,34,-1,-1,-1,-1,-1,-1,-1,-1,48,4,-1,-1,-1,34,-1,-1,-1,-1,-1,-1,-1,-1,-1,-1,32,-1,35,37,-1,-1,-1,35,37,8,-1,34,-1,-1,-1,-1,-1,-1,-1,48,49,7,7,49,49,49,49,49,49
-1,-1,-1,-1,-1,-1,-1,-1,-1,-1,-1,-1,-1,-1,-1,-1,5,18,-1,-1,-1,-1,-1,-1,-1,-1,-1,-1,-1,-1,-1,-1,-1,-1,48,4,-1,-1,8,49,-1,-1,3,50,-1,-1,-1,-1,-1,-1,-1,-1,-1,-1,-1,-1,32,-1,-1,-1,-1,-1,-1,-1,-1,3,50,-1,-1,-1,-1,-1,-1,-1,-1,-1,48,49,49,49,50,-1,-1,-1,-1,-1,-1,-1,-1,-1,-1,32,-1,35,36,20,20,20,36,37,-1,3,50,-1,-1,-1,-1,-1,-1,-1,-1,-1,7,7,-1,-1,-1,-1,-1,-1
-1,-1,-1,-1,-1,-1,-1,-1,-1,-1,-1,-1,-1,-1,-1,-1,-1,5,18,-1,-1,-1,-1,16,17,17,17,17,18,-1,-1,-1,-1,-1,-1,48,7,7,49,-1,49,49,50,-1,-1,-1,-1,-1,-1,-1,-1,-1,-1,-1,-1,-1,48,4,-1,8,-1,-1,-1,-1,1610612743,50,-1,-1,-1,-1,-1,-1,-1,-1,-1,-1,-1,-1,-1,-1,-1,-1,-1,-1,-1,-1,-1,-1,-1,-1,-1,32,-1,51,52,52,52,52,52,53,-1,34,-1,-1,-1,-1,-1,-1,-1,-1,-1,-1,7,7,-1,-1,-1,-1,-1,-1
-1,-1,-1,-1,-1,-1,-1,-1,-1,-1,-1,-1,-1,-1,-1,-1,-1,-1,34,-1,-1,-1,-1,32,8,-1,-1,-1,5,18,-1,-1,-1,-1,-1,-1,7,7,-1,-1,-1,-1,-1,-1,-1,-1,-1,-1,-1,-1,-1,-1,-1,-1,-1,-1,-1,48,4,-1,8,3,49,1610612743,1610612743,-1,-1,-1,-1,-1,-1,-1,-1,-1,-1,-1,-1,-1,-1,-1,-1,-1,-1,-1,-1,-1,-1,-1,-1,-1,-1,32,-1,-1,-1,-1,-1,-1,-1,-1,3,50,-1,-1,-1,-1,-1,-1,-1,-1,-1,-1,7,7,16,17,18,-1,-1,-1
-1,-1,-1,-1,-1,-1,-1,-1,-1,-1,-1,-1,-1,-1,-1,-1,-1,-1,5,18,-1,-1,-1,48,4,-1,-1,-1,8,34,-1,-1,-1,-1,-1,-1,7,7,-1,-1,-1,-1,-1,-1,-1,-1,-1,-1,-1,-1,-1,-1,-1,-1,-1,-1,-1,-1,48,49,49,50,-1,1610612743,1610612743,-1,-1,-1,-1,-1,-1,-1,-1,-1,-1,-1,-1,-1,-1,-1,-1,-1,-1,-1,-1,-1,-1,-1,-1,-1,-1,48,4,-1,-1,-1,-1,-1,-1,3,50,-1,-1,-1,-1,-1,-1,-1,-1,-1,16,17,7,7,6,-1,5,18,-1,-1
-1,-1,-1,-1,-1,-1,-1,-1,-1,-1,-1,-1,-1,-1,8,-1,-1,-1,-1,34,-1,-1,-1,-1,32,8,-1,-1,-1,34,-1,-1,-1,-1,-1,-1,7,7,-1,-1,-1,-1,-1,-1,-1,-1,-1,-1,-1,-1,-1,-1,-1,-1,-1,-1,-1,-1,-1,-1,-1,-1,-1,1610612743,1610612743,-1,-1,-1,-1,-1,-1,-1,-1,-1,-1,-1,-1,-1,-1,-1,-1,-1,-1,-1,-1,-1,-1,-1,-1,-1,-1,-1,48,49,49,49,49,49,49,50,-1,-1,-1,-1,-1,-1,-1,-1,-1,16,6,8,-1,-1,-1,-1,-1,34,-1,-1
-1,-1,-1,-1,-1,-1,-1,-1,-1,-1,-1,-1,-1,-1,-1,-1,-1,-1,-1,34,-1,-1,-1,16,6,-1,-1,-1,-1,34,-1,-1,-1,-1,-1,-1,7,7,-1,-1,-1,-1,-1,-1,-1,-1,-1,-1,-1,-1,-1,-1,-1,-1,-1,-1,-1,-1,-1,-1,-1,-1,-1,1610612743,1610612743,-1,-1,-1,-1,-1,-1,-1,-1,-1,-1,-1,-1,-1,-1,-1,-1,-1,-1,-1,-1,-1,-1,-1,-1,-1,-1,-1,-1,-1,-1,-1,-1,-1,-1,-1,-1,-1,-1,-1,-1,-1,-1,-1,-1,32,-1,-1,-1,-1,-1,-1,-1,34,-1,-1
-1,-1,-1,-1,-1,-1,-1,-1,8,-1,-1,-1,-1,-1,-1,-1,-1,-1,-1,7,7,7,7,7,-1,-1,-1,-1,-1,34,-1,-1,-1,-1,-1,-1,7,7,-1,-1,-1,-1,-1,-1,-1,-1,-1,-1,-1,-1,-1,-1,-1,-1,-1,-1,-1,-1,-1,-1,-1,-1,-1,1610612743,1610612743,-1,-1,-1,-1,-1,-1,-1,-1,-1,-1,-1,-1,-1,-1,-1,-1,-1,-1,-1,-1,-1,-1,-1,-1,-1,-1,-1,-1,-1,-1,-1,-1,-1,-1,-1,-1,-1,-1,-1,-1,-1,-1,-1,-1,32,-1,-1,-1,-1,-1,-1,34,-1,-1,-1
-1,-1,-1,-1,-1,-1,-1,-1,-1,-1,-1,-1,-1,-1,-1,-1,-1,-1,-1,7,7,7,7,7,-1,-1,-1,-1,8,34,-1,-1,-1,-1,-1,-1,7,7,-1,-1,-1,-1,-1,-1,-1,-1,-1,-1,-1,-1,-1,-1,-1,-1,-1,-1,-1,-1,-1,-1,-1,-1,-1,1610612743,1610612743,-1,-1,-1,-1,-1,-1,-1,-1,-1,-1,-1,-1,-1,-1,-1,-1,16,17,17,17,17,18,-1,-1,-1,-1,-1,-1,-1,-1,-1,-1,-1,-1,-1,-1,-1,-1,-1,-1,-1,-1,-1,-1,32,-1,-1,-1,-1,-1,-1,-1,34,-1,-1
-1,-1,-1,-1,-1,-1,-1,-1,-1,-1,-1,-1,-1,-1,-1,-1,-1,-1,8,34,-1,-1,-1,48,4,-1,-1,8,-1,34,-1,-1,-1,-1,-1,-1,7,7,-1,-1,-1,-1,-1,-1,-1,-1,-1,-1,-1,-1,-1,-1,-1,-1,-1,-1,-1,-1,-1,-1,-1,-1,-1,1610612743,1610612743,-1,-1,-1,-1,-1,-1,-1,-1,-1,-1,-1,-1,-1,-1,-1,-1,32,-1,-1,-1,-1,5,17,18,-1,-1,-1,-1,-1,-1,-1,-1,-1,-1,-1,-1,-1,-1,-1,-1,-1,-1,-1,-1,32,-1,-1,-1,-1,-1,-1,-1,34,-1,-1
-1,-1,-1,-1,-1,-1,-1,-1,-1,-1,-1,-1,-1,-1,-1,-1,-1,8,-1,34,-1,-1,-1,-1,48,49,49,49,49,50,-1,-1,-1,-1,-1,-1,7,7,-1,-1,-1,-1,-1,-1,-1,-1,-1,-1,-1,-1,-1,-1,-1,-1,-1,-1,-1,-1,-1,-1,-1,-1,-1,1610612743,1610612743,-1,-1,-1,-1,-1,-1,-1,-1,-1,-1,-1,-1,-1,-1,-1,-1,32,-1,-1,-1,-1,-1,-1,5,18,-1,-1,-1,-1,-1,-1,-1,-1,-1,-1,-1,-1,-1,-1,-1,-1,-1,-1,-1,32,-1,-1,-1,-1,-1,-1,-1,34,-1,-1
-1,-1,-1,-1,-1,-1,-1,8,-1,-1,-1,-1,-1,-1,-1,-1,-1,-1,-1,34,-1,-1,-1,-1,-1,-1,-1,-1,-1,-1,-1,-1,-1,-1,-1,-1,7,7,-1,-1,-1,-1,-1,-1,-1,-1,-1,-1,-1,-1,-1,-1,16,17,17,18,-1,-1,-1,-1,-1,-1,-1,1610612743,1610612743,-1,-1,-1,-1,-1,-1,-1,-1,-1,-1,-1,-1,-1,-1,-1,-1,48,4,-1,8,-1,-1,-1,-1,5,18,-1,-1,-1,-1,-1,-1,-1,-1,-1,-1,-1,-1,-1,-1,-1,-1,-1,-1,32,-1,-1,-1,-1,-1,-1,-1,34,-1,-1
-1,-1,-1,-1,-1,-1,-1,-1,-1,-1,-1,-1,-1,-1,-1,-1,-1,8,-1,34,-1,-1,-1,-1,-1,-1,-1,-1,-1,-1,-1,-1,-1,16,17,17,7,7,17,17,17,18,-1,-1,-1,-1,-1,-1,-1,-1,-1,-1,32,8,-1,5,18,-1,-1,-1,-1,-1,-1,1610612743,1610612743,-1,-1,-1,-1,-1,-1,16,17,17,18,-1,-1,-1,-1,-1,-1,-1,32,-1,-1,-1,-1,-1,-1,-1,34,-1,-1,-1,-1,-1,-1,-1,-1,-1,-1,-1,-1,-1,-1,-1,-1,-1,-1,48,4,-1,-1,-1,-1,-1,-1,34,-1,-1
-1,-1,-1,-1,-1,-1,-1,-1,-1,-1,-1,-1,-1,-1,-1,-1,-1,-1,-1,34,-1,-1,-1,-1,-1,-1,-1,-1,-1,-1,-1,-1,16,6,8,-1,-1,-1,-1,8,8,34,-1,-1,-1,-1,-1,-1,-1,-1,-1,16,6,-1,-1,-1,5,18,-1,-1,-1,-1,-1,1610612743,1610612743,-1,-1,-1,-1,16,17,6,-1,8,5,17,18,-1,-1,-1,-1,-1,48,4,-1,-1,-1,-1,-1,-1,34,-1,-1,-1,-1,-1,-1,-1,-1,-1,-1,-1,-1,-1,-1,-1,-1,-1,-1,-1,48,49,4,-1,8,7,7,50,-1,-1
-1,-1,-1,-1,-1,-1,-1,-1,-1,-1,8,-1,-1,-1,-1,-1,-1,-1,-1,-1,-1,-1,-1,-1,-1,-1,-1,-1,-1,-1,-1,-1,32,-1,-1,8,-1,-1,-1,-1,-1,34,-1,-1,-1,-1,-1,-1,-1,16,17,6,8,-1,-1,-1,-1,7,7,7,7,7,7,7,7,7,7,7,7,7,-1,-1,-1,-1,-1,-1,34,-1,-1,-1,-1,-1,-1,32,8,-1,-1,-1,-1,-1,34,-1,-1,-1,-1,-1,-1,-1,-1,-1,-1,-1,-1,-1,-1,-1,-1,-1,-1,-1,-1,-1,48,49,49,7,7,-1,-1,-1
-1,-1,-1,-1,-1,-1,-1,-1,-1,-1,-1,-1,-1,-1,-1,-1,-1,-1,-1,-1,-1,-1,-1,-1,-1,-1,-1,-1,-1,-1,-1,-1,32,-1,-1,-1,-1,-1,-1,-1,-1,7,7,7,7,7,7,7,7,7,-1,-1,-1,-1,-1,-1,-1,-1,7,7,7,7,7,7,7,7,7,7,7,7,-1,-1,-1,-1,-1,8,34,-1,-1,-1,-1,-1,-1,32,-1,-1,-1,-1,-1,-1,34,-1,-1,-1,-1,-1,-1,-1,-1,-1,-1,-1,-1,-1,-1,-1,-1,-1,-1,-1,-1,-1,-1,-1,-1,7,7,-1,-1,-1
-1,-1,-1,-1,-1,-1,-1,-1,-1,-1,-1,-1,-1,-1,-1,-1,-1,-1,-1,-1,-1,-1,17,17,17,17,17,-1,-1,-1,-1,-1,48,49,49,7,7,-1,-1,8,-1,7,7,7,7,7,7,7,-1,-1,-1,-1,-1,-1,-1,-1,-1,-1,34,-1,-1,-1,-1,-1,-1,-1,-1,16,17,6,8,-1,-1,-1,-1,-1,34,-1,-1,-1,-1,-1,-1,48,4,-1,-1,-1,-1,8,34,-1,-1,-1,-1,-1,-1,-1,-1,-1,-1,-1,-1,-1,-1,-1,-1,-1,-1,-1,-1,-1,-1,-1,-1,7,7,-1,-1,-1
-1,-1,-1,-1,-1,-1,-1,-1,-1,-1,-1,-1,-1,-1,-1,-1,-1,-1,-1,-1,-1,-1,-1,-1,-1,-1,-1,-1,34,-1,-1,-1,-1,-1,-1,7,7,4,-1,-1,3,50,-1,-1,-1,-1,32,-1,-1,-1,-1,-1,-1,-1,-1,-1,-1,34,-1,-1,-1,-1,-1,-1,-1,-1,-1,32,-1,-1,-1,-1,-1,-1,-1,-1,34,-1,-1,-1,-1,-1,-1,-1,48,7,7,4,8,-1,34,-1,-1,-1,-1,-1,-1,-1,-1,-1,-1,-1,-1,-1,-1,-1,-1,-1,-1,-1,-1,-1,-1,-1,-1,7,7,-1,-1,-1
-1,-1,-1,-1,-1,-1,-1,-1,-1,-1,-1,-1,-1,-1,-1,-1,-1,-1,-1,-1,-1,-1,-1,-1,-1,-1,-1,-1,-1,34,-1,-1,-1,-1,-1,7,7,48,49,49,50,-1,-1,-1,-1,-1,32,8,-1,-1,-1,-1,-1,-1,-1,-1,-1,8,34,-1,-1,-1,-1,-1,-1,-1,-1,32,8,-1,-1,-1,-1,-1,-1,8,34,-1,-1,-1,-1,-1,-1,-1,-1,7,7,48,49,49,50,-1,-1,-1,-1,-1,-1,-1,-1,-1,-1,-1,-1,-1,-1,-1,-1,-1,-1,-1,-1,-1,-1,-1,-1,7,7,-1,-1,-1
-1,-1,-1,-1,-1,-1,-1,-1,-1,-1,-1,-1,-1,-1,-1,-1,-1,-1,-1,-1,-1,-1,-1,-1,-1,-1,-1,-1,-1,-1,34,-1,-1,-1,-1,7,7,-1,-1,-1,-1,-1,-1,-1,-1,-1,32,-1,-1,-1,-1,-1,-1,-1,-1,-1,8,-1,34,-1,-1,-1,-1,-1,-1,-1,-1,32,-1,8,-1,-1,-1,-1,-1,-1,34,-1,-1,-1,-1,-1,-1,-1,-1,7,7,-1,-1,-1,-1,-1,-1,-1,-1,-1,-1,16,17,17,17,17,18,-1,-1,-1,-1,-1,-1,-1,-1,-1,-1,-1,-1,7,7,-1,-1,-1
-1,-1,-1,-1,-1,-1,-1,-1,-1,-1,-1,-1,-1,-1,-1,-1,-1,-1,-1,-1,-1,-1,-1,-1,-1,-1,-1,-1,-1,-1,34,-1,-1,-1,-1,7,7,-1,-1,-1,-1,-1,-1,-1,-1,-1,32,-1,-1,-1,-1,-1,-1,-1,-1,-1,-1,-1,34,-1,-1,-1,-1,-1,-1,-1,-1,48,4,-1,-1,-1,-1,-1,8,-1,34,-1,-1,-1,-1,-1,-1,-1,-1,7,7,-1,-1,-1,-1,-1,-1,-1,-1,-1,-1,32,-1,-1,-1,-1,5,17,18,-1,-1,-1,-1,-1,-1,-1,-1,-1,-1,7,7,-1,-1,-1
-1,-1,-1,-1,-1,-1,-1,-1,-1,-1,-1,-1,-1,-1,-1,-1,-1,-1,-1,-1,-1,-1,-1,-1,-1,-1,-1,-1,-1,-1,34,18,-1,-1,-1,7,7,-1,-1,-1,-1,-1,-1,-1,-1,-1,32,-1,-1,-1,-1,-1,-1,-1,-1,-1,-1,-1,34,-1,-1,-1,-1,-1,-1,-1,-1,-1,48,49,7,7,49,49,49,49,50,-1,-1,-1,-1,-1,-1,-1,-1,7,7,-1,-1,-1,-1,-1,-1,-1,-1,-1,-1,32,-1,-1,-1,-1,-1,-1,34,-1,-1,-1,-1,-1,-1,-1,-1,-1,-1,7,7,17,17,17
-1,-1,-1,-1,-1,-1,-1,-1,-1,-1,-1,-1,-1,-1,-1,-1,-1,-1,-1,-1,-1,-1,-1,-1,-1,-1,-1,-1,-1,-1,-1,34,-1,-1,-1,7,7,-1,-1,-1,-1,-1,-1,-1,-1,-1,48,49,4,-1,-1,-1,-1,-1,-1,3,49,49,50,-1,-1,-1,-1,-1,-1,-1,-1,-1,-1,-1,7,7,-1,-1,-1,-1,-1,-1,-1,-1,-1,-1,-1,-1,-1,7,7,-1,-1,-1,-1,-1,-1,-1,-1,-1,-1,32,-1,-1,-1,-1,-1,-1,5,17,17,18,-1,-1,-1,-1,-1,-1,16,7,7,-1,-1,-1
-1,-1,-1,-1,-1,-1,-1,-1,-1,-1,-1,-1,-1,-1,-1,-1,-1,-1,-1,-1,-1,-1,-1,-1,-1,-1,-1,-1,-1,-1,-1,34,-1,-1,-1,7,7,-1,-1,-1,-1,-1,-1,-1,-1,-1,-1,-1,32,-1,-1,-1,-1,-1,3,50,-1,-1,-1,-1,-1,-1,-1,-1,-1,-1,-1,-1,-1,-1,7,7,-1,-1,-1,-1,-1,-1,-1,-1,-1,-1,-1,-1,-1,7,7,-1,-1,-1,-1,-1,-1,-1,-1,-1,-1,32,-1,8,-1,-1,-1,-1,-1,-1,-1,5,18,-1,-1,-1,-1,-1,32,35,37,8,-1,-1
-1,-1,-1,-1,-1,-1,-1,-1,-1,-1,-1,-1,-1,-1,-1,-1,-1,-1,-1,-1,-1,-1,-1,-1,-1,-1,-1,-1,-1,-1,-1,34,-1,-1,16,7,7,17,18,-1,-1,-1,-1,-1,-1,-1,-1,-1,32,-1,-1,-1,-1,-1,34,-1,-1,-1,-1,-1,-1,-1,-1,-1,-1,-1,-1,-1,-1,-1,7,7,-1,-1,-1,-1,-1,-1,-1,-1,-1,-1,-1,-1,-1,7,7,-1,-1,-1,-1,-1,-1,-1,-1,-1,-1,32,8,-1,-1,-1,-1,-1,-1,-1,-1,-1,34,-1,-1,-1,-1,-1,32,35,36,21,8,-1
-1,-1,-1,-1,-1,-1,-1,-1,-1,-1,-1,-1,-1,-1,-1,-1,-1,-1,-1,-1,-1,-1,-1,-1,-1,-1,-1,-1,-1,-1,-1,34,-1,-1,32,-1,-1,-1,34,-1,-1,-1,-1,-1,-1,-1,-1,-1,48,4,-1,8,3,49,50,-1,-1,-1,-1,-1,-1,-1,-1,-1,-1,-1,-1,-1,-1,-1,7,7,-1,-1,-1,-1,-1,-1,-1,-1,-1,-1,-1,-1,-1,7,7,18,-1,-1,-1,-1,-1,-1,-1,-1,-1,32,-1,-1,-1,-1,-1,-1,-1,-1,-1,8,34,-1,-1,-1,-1,16,6,35,36,37,-1,-1
-1,-1,-1,-1,-1,-1,-1,-1,-1,-1,-1,-1,-1,-1,-1,-1,-1,-1,-1,-1,-1,-1,-1,-1,-1,-1,-1,-1,-1,-1,-1,34,-1,-1,32,-1,-1,-1,5,17,17,17,18,-1,-1,-1,-1,-1,-1,48,49,49,50,-1,-1,-1,-1,-1,-1,-1,-1,-1,-1,-1,-1,-1,-1,-1,-1,-1,7,7,-1,-1,-1,-1,-1,-1,-1,-1,-1,-1,-1,-1,16,7,7,5,18,-1,-1,-1,-1,-1,-1,16,17,6,-1,-1,-1,-1,-1,-1,-1,-1,-1,-1,34,-1,-1,-1,-1,32,-1,35,36,37,-1,-1
-1,-1,-1,-1,-1,-1,-1,-1,-1,-1,-1,-1,-1,-1,-1,-1,-1,-1,-1,-1,-1,-1,-1,-1,-1,-1,-1,-1,-1,-1,-1,34,-1,-1,32,-1,8,-1,-1,-1,-1,-1,34,-1,-1,-1,-1,-1,-1,-1,-1,-1,-1,-1,-1,-1,-1,-1,-1,-1,-1,-1,-1,-1,-1,-1,-1,-1,-1,-1,7,7,-1,-1,-1,-1,-1,-1,-1,-1,-1,-1,-1,16,6,-1,-1,-1,7,7,7,7,7,7,7,7,-1,-1,-1,-1,-1,-1,-1,-1,-1,-1,-1,-1,34,-1,-1,-1,-1,32,-1,35,36,37,-1,-1
8,-1,-1,-1,-1,-1,-1,-1,-1,-1,-1,-1,-1,-1,-1,-1,-1,8,-1,-1,-1,-1,-1,-1,-1,-1,-1,-1,-1,-1,-1,34,-1,-1,48,4,-1,-1,-1,-1,-1,8,34,-1,-1,-1,-1,-1,-1,-1,-1,-1,-1,-1,-1,-1,-1,-1,-1,-1,-1,-1,-1,-1,-1,-1,-1,-1,16,17,7,7,18,-1,-1,-1,-1,-1,-1,-1,-1,-1,-1,32,8,-1,-1,-1,7,7,7,7,7,7,7,7,-1,-1,-1,-1,-1,-1,-1,-1,-1,-1,-1,-1,34,-1,-1,-1,16,6,-1,35,36,37,-1,-1
-1,8,-1,-1,-1,-1,8,-1,-1,-1,-1,-1,-1,-1,-1,-1,-1,-1,8,-1,-1,-1,-1,-1,-1,-1,-1,-1,-1,-1,-1,34,-1,16,17,6,-1,8,-1,-1,-1,-1,34,-1,-1,-1,-1,-1,-1,-1,-1,-1,-1,-1,-1,-1,-1,-1,-1,-1,17,17,17,17,-1,-1,16,17,6,-1,-1,-1,34,-1,-1,-1,-1,-1,-1,-1,-1,-1,-1,32,-1,-1,-1,-1,5,18,-1,-1,-1,-1,-1,32,-1,-1,-1,-1,-1,-1,-1,-1,-1,3,49,49,50,-1,16,17,6,-1,-1,35,36,37,-1,-1
20,21,-1,19,20,20,21,-1,-1,-1,-1,-1,-1,-1,-1,-1,-1,-1,19,21,-1,-1,-1,-1,-1,-1,-1,-1,-1,-1,-1,34,-1,32,-1,-1,-1,-1,-1,-1,-1,-1,34,-1,-1,-1,-1,-1,-1,-1,-1,-1,-1,-1,-1,-1,-1,-1,-1,-1,-1,-1,-1,-1,17,-1,6,8,-1,-1,-1,-1,34,-1,-1,-1,-1,-1,-1,-1,-1,-1,-1,32,-1,-1,-1,-1,-1,34,-1,-1,-1,-1,-1,32,-1,-1,-1,8,-1,-1,-1,3,49,50,-1,-1,-1,16,6,-1,-1,-1,-1,35,36,53,-1,-1
36,36,20,36,36,36,36,20,20,20,20,21,-1,8,-1,-1,-1,19,36,36,20,21,-1,-1,-1,-1,-1,-1,-1,-1,-1,34,-1,32,8,-1,-1,-1,-1,-1,3,49,50,-1,-1,-1,-1,-1,-1,-1,-1,-1,-1,-1,-1,-1,-1,-1,32,-1,-1,-1,-1,-1,-1,17,-1,-1,-1,-1,-1,-1,5,18,-1,-1,-1,-1,-1,-1,-1,-1,-1,32,-1,-1,-1,8,-1,34,-1,-1,-1,-1,-1,48,4,-1,-1,-1,8,-1,3,50,-1,-1,-1,-1,16,6,-1,-1,-1,-1,-1,35,37,-1,8,-1
36,36,36,36,36,36,36,36,36,36,36,36,20,20,20,20,20,36,36,36,36,37,-1,-1,-1,-1,-1,-1,-1,-1,-1,34,-1,48,49,49,49,49,49,49,50,-1,16,17,17,17,18,-1,-1,-1,-1,-1,-1,-1,-1,-1,-1,-1,32,-1,-1,-1,-1,-1,-1,-1,-1,-1,-1,-1,-1,-1,-1,34,-1,-1,-1,-1,-1,-1,-1,-1,-1,32,-1,-1,-1,8,-1,34,-1,-1,-1,-1,-1,-1,48,49,49,49,49,49,50,-1,-1,-1,-1,16,6,-1,-1,-1,-1,-1,-1,35,36,21,-1,-1
36,36,36,36,36,36,36,36,36,36,36,36,36,36,36,36,36,36,36,36,36,36,21,-1,-1,-1,-1,8,-1,-1,-1,34,-1,-1,-1,-1,-1,-1,-1,-1,-1,-1,32,8,-1,-1,5,17,17,17,18,-1,-1,-1,-1,-1,-1,-1,32,-1,8,-1,-1,-1,-1,-1,8,-1,-1,-1,-1,-1,-1,34,-1,-1,-1,-1,-1,-1,-1,-1,-1,32,-1,-1,-1,-1,8,34,-1,-1,-1,-1,-1,-1,-1,-1,-1,-1,-1,-1,-1,-1,-1,-1,-1,32,-1,-1,-1,-1,-1,-1,-1,35,36,37,-1,-1
36,36,36,36,36,36,36,36,52,36,36,36,36,36,36,36,36,36,36,36,36,36,37,8,-1,-1,-1,-1,-1,-1,-1,34,-1,-1,-1,-1,-1,-1,-1,-1,-1,-1,32,8,-1,-1,-1,-1,8,-1,5,18,-1,-1,-1,-1,-1,-1,48,4,-1,-1,-1,-1,-1,-1,-1,-1,-1,-1,-1,8,-1,34,-1,-1,-1,-1,-1,-1,-1,-1,16,6,-1,-1,-1,-1,8,34,-1,-1,-1,-1,-1,-1,-1,-1,-1,-1,-1,-1,-1,-1,-1,-1,-1,32,-1,-1,-1,-1,-1,-1,-1,35,36,37,-1,-1
36,36,36,36,52,36,36,37,-1,52,52,36,53,35,36,36,36,36,36,36,36,36,36,21,20,20,20,20,21,-1,8,34,-1,-1,-1,-1,-1,-1,-1,-1,-1,16,6,-1,-1,-1,-1,8,-1,-1,-1,7,7,7,7,7,7,7,7,7,-1,-1,-1,-1,-1,-1,-1,-1,-1,-1,-1,-1,8,34,-1,-1,-1,-1,-1,-1,-1,-1,32,-1,-1,-1,-1,8,-1,34,-1,-1,-1,-1,-1,-1,-1,-1,-1,-1,-1,-1,-1,-1,-1,-1,-1,32,-1,-1,-1,-1,-1,-1,8,35,36,36,21,-1
36,36,36,53,8,35,36,53,-1,-1,-1,52,-1,51,52,51,36,36,36,52,36,36,36,36,36,36,36,36,36,20,20,7,7,7,7,7,7,7,7,7,7,7,-1,-1,-1,-1,-1,-1,-1,-1,-1,7,7,7,7,7,7,7,7,7,7,7,-1,-1,-1,-1,-1,-1,-1,-1,-1,-1,-1,7,7,7,7,7,7,7,7,7,7,-1,-1,-1,-1,-1,-1,34,-1,-1,-1,-1,-1,-1,-1,-1,-1,-1,-1,-1,-1,-1,-1,-1,-1,32,-1,-1,-1,-1,-1,-1,-1,35,36,36,36,21
36,52,53,-1,-1,51,52,-1,-1,-1,-1,-1,-1,-1,-1,-1,51,52,52,-1,51,52,36,36,36,36,36,36,36,36,36,7,7,7,7,7,7,7,7,7,7,7,-1,-1,-1,-1,-1,-1,-1,-1,-1,34,-1,-1,-1,-1,-1,-1,-1,-1,-1,32,-1,-1,-1,-1,-1,-1,-1,8,-1,-1,-1,7,7,7,7,7,7,7,7,7,7,-1,-1,-1,-1,-1,-1,34,-1,-1,-1,-1,-1,-1,-1,-1,-1,-1,-1,-1,-1,-1,-1,-1,-1,32,-1,-1,-1,-1,-1,-1,19,36,36,36,36,36
36,53,-1,-1,-1,-1,-1,-1,-1,-1,-1,-1,-1,-1,-1,-1,-1,-1,-1,-1,-1,-1,51,52,52,52,36,36,36,36,36,5,18,-1,-1,-1,-1,-1,-1,-1,-1,48,49,4,8,-1,-1,-1,-1,3,49,50,-1,-1,-1,-1,-1,-1,-1,-1,-1,48,4,-1,-1,-1,-1,3,49,49,49,49,49,50,-1,-1,-1,-1,-1,-1,-1,-1,32,-1,-1,-1,-1,-1,3,50,-1,-1,-1,-1,-1,-1,-1,-1,-1,-1,-1,-1,-1,-1,-1,-1,-1,32,-1,-1,-1,-1,-1,-1,35,36,36,36,36,36
53,-1,-1,-1,-1,-1,-1,-1,-1,-1,-1,-1,-1,-1,-1,-1,-1,-1,-1,-1,-1,-1,-1,-1,-1,-1,51,52,52,52,53,-1,5,18,-1,-1,-1,-1,-1,-1,-1,-1,-1,48,49,49,49,49,49,50,-1,-1,-1,-1,-1,-1,-1,-1,-1,-1,-1,-1,48,49,49,49,49,50,-1,-1,-1,-1,-1,-1,-1,-1,-1,-1,-1,-1,-1,16,6,-1,-1,-1,-1,-1,34,-1,-1,-1,-1,-1,-1,-1,-1,-1,-1,-1,-1,-1,-1,-1,-1,-1,-1,32,-1,-1,-1,-1,-1,-1,51,52,52,52,52,36
-1,-1,-1,-1,-1,-1,-1,-1,-1,-1,-1,-1,-1,-1,-1,-1,-1,-1,-1,-1,-1,-1,-1,-1,-1,-1,-1,-1,-1,-1,-1,-1,-1,5,17,18,-1,-1,-1,-1,-1,-1,-1,-1,-1,-1,-1,-1,-1,-1,-1,-1,-1,-1,-1,-1,-1,-1,-1,-1,-1,-1,-1,-1,-1,-1,-1,-1,-1,-1,-1,-1,-1,-1,-1,-1,-1,-1,16,17,17,6,-1,8,-1,-1,-1,-1,34,-1,-1,-1,-1,-1,-1,-1,-1,-1,-1,-1,-1,-1,-1,-1,-1,-1,-1,32,-1,-1,-1,-1,-1,-1,-1,-1,-1,-1,-1,52
-1,-1,-1,-1,-1,-1,-1,-1,-1,-1,-1,-1,-1,-1,-1,-1,-1,-1,-1,-1,-1,-1,-1,-1,-1,-1,-1,-1,-1,-1,-1,-1,-1,-1,-1,5,17,18,-1,-1,-1,-1,-1,-1,-1,-1,-1,-1,-1,-1,-1,-1,-1,-1,-1,-1,-1,-1,-1,-1,-1,-1,-1,-1,-1,-1,-1,-1,-1,-1,-1,-1,-1,-1,-1,-1,-1,16,6,-1,8,-1,-1,-1,-1,-1,-1,-1,34,-1,-1,-1,-1,-1,-1,-1,-1,-1,-1,-1,-1,-1,-1,-1,-1,-1,-1,32,-1,-1,-1,-1,-1,-1,-1,-1,-1,-1,-1,-1
-1,-1,-1,-1,-1,-1,-1,-1,-1,-1,-1,-1,-1,-1,-1,-1,-1,-1,-1,-1,-1,-1,-1,-1,-1,-1,-1,-1,-1,-1,-1,-1,-1,-1,-1,-1,-1,5,18,-1,-1,-1,-1,-1,-1,-1,-1,-1,-1,16,17,17,17,17,18,-1,-1,-1,17,17,17,18,-1,-1,-1,-1,-1,-1,-1,-1,-1,-1,-1,-1,-1,16,17,6,-1,-1,-1,-1,-1,-1,-1,-1,-1,-1,5,18,-1,-1,-1,-1,-1,-1,-1,-1,-1,-1,-1,-1,-1,-1,-1,-1,-1,32,-1,-1,-1,-1,-1,-1,-1,-1,-1,-1,-1,-1
-1,-1,-1,-1,-1,-1,-1,-1,-1,-1,-1,-1,-1,-1,-1,-1,-1,-1,-1,-1,-1,-1,-1,-1,-1,-1,-1,-1,-1,-1,-1,-1,-1,-1,-1,-1,-1,-1,5,18,-1,-1,-1,-1,-1,-1,-1,-1,-1,32,-1,-1,-1,-1,34,17,-1,17,-1,8,-1,34,-1,-1,-1,-1,-1,-1,-1,-1,-1,-1,-1,-1,-1,32,-1,-1,-1,-1,-1,-1,-1,-1,-1,-1,-1,-1,-1,5,17,17,18,-1,-1,-1,-1,-1,-1,-1,-1,-1,-1,-1,-1,-1,-1,32,-1,-1,-1,-1,-1,-1,-1,-1,-1,-1,-1,-1
-1,-1,-1,-1,-1,-1,-1,-1,-1,-1,-1,-1,-1,-1,-1,-1,-1,-1,-1,-1,-1,-1,-1,-1,-1,-1,-1,-1,-1,-1,-1,-1,-1,-1,-1,-1,-1,-1,-1,-1,-1,-1,-1,-1,-1,-1,-1,-1,-1,32,-1,-1,-1,-1,-1,-1,17,-1,-1,-1,8,34,-1,-1,-1,-1,-1,-1,-1,-1,-1,-1,-1,-1,-1,32,-1,-1,-1,-1,-1,-1,-1,-1,-1,-1,-1,-1,-1,-1,-1,-1,34,-1,-1,-1,-1,-1,-1,-1,-1,-1,-1,-1,-1,-1,16,6,-1,-1,-1,-1,-1,-1,-1,-1,-1,-1,-1,-1
-1,-1,-1,-1,-1,-1,-1,-1,-1,-1,-1,-1,-1,-1,-1,-1,-1,-1,-1,-1,-1,-1,-1,-1,-1,-1,-1,-1,-1,-1,-1,-1,-1,-1,-1,-1,-1,-1,-1,-1,-1,-1,-1,-1,-1,-1,-1,-1,-1,32,-1,-1,-1,-1,-1,-1,8,-1,-1,-1,-1,7,7,7,7,7,7,7,7,7,7,7,7,7,7,7,-1,-1,-1,-1,-1,-1,-1,-1,-1,-1,-1,-1,-1,-1,-1,-1,5,18,-1,-1,-1,-1,-1,-1,-1,-1,-1,-1,-1,16,6,-1,-1,-1,-1,-1,-1,-1,-1,-1,-1,-1,-1,-1
-1,-1,-1,-1,-1,-1,-1,-1,-1,-1,-1,-1,-1,-1,-1,-1,-1,-1,-1,-1,-1,-1,-1,-1,-1,-1,-1,-1,-1,-1,-1,-1,-1,-1,-1,-1,-1,-1,-1,-1,-1,-1,-1,-1,-1,-1,-1,-1,-1,32,-1,-1,-1,-1,-1,-1,-1,-1,-1,-1,-1,-1,7,7,7,7,7,7,7,7,7,7,7,7,7,7,-1,-1,-1,-1,-1,8,-1,-1,-1,-1,8,-1,8,-1,-1,-1,-1,34,-1,-1,-1,-1,-1,-1,-1,-1,-1,-1,-1,32,-1,-1,-1,-1,-1,-1,-1,-1,-1,-1,-1,-1,-1,-1
